Classifier,Fold,Repeat,train_auc,train_f1,val_auc,val_mcc,val_kappa,val_f1_binary,val_f1_macro,val_accuracy,val_sensitivity,val_specificity,val_ppv,val_npv,val_balanced_accuracy,per_class_precision,per_class_recall,per_class_f1,per_class_accuracy
Gradient Boosting,1,1,0.985849330360953,0.886762360446571,0.8401675485008818,0.4412168029919105,0.43161313605196683,0.5655172413793104,0.713527851458886,0.79,0.4880952380952381,0.9074074074074074,0.6721311475409836,0.8200836820083682,0.6977513227513228,"[0.8200836820083682, 0.6721311475409836]","[0.9074074074074074, 0.4880952380952381]","[0.8615384615384616, 0.5655172413793104]","[0.9074074074074074, 0.4880952380952381]"
Gradient Boosting,2,1,0.9835280453644871,0.8788368336025848,0.7978559648158329,0.40231305266474443,0.4016123122022719,0.5644171779141104,0.7005993935547563,0.7625418060200669,0.5411764705882353,0.8504672897196262,0.5897435897435898,0.8235294117647058,0.6958218801539306,"[0.8235294117647058, 0.5897435897435898]","[0.8504672897196262, 0.5411764705882353]","[0.8367816091954023, 0.5644171779141104]","[0.8504672897196262, 0.5411764705882353]"
Gradient Boosting,3,1,0.987972762045248,0.9030206677265501,0.7745670995670996,0.25279678964838026,0.2324412614650082,0.3880597014925373,0.60528526200168,0.7248322147651006,0.29545454545454547,0.9047619047619048,0.5652173913043478,0.753968253968254,0.6001082251082251,"[0.753968253968254, 0.5652173913043478]","[0.9047619047619048, 0.29545454545454547]","[0.8225108225108225, 0.3880597014925373]","[0.9047619047619048, 0.29545454545454547]"
Gradient Boosting,4,1,0.9875074687343328,0.9022082018927445,0.8133484162895928,0.4110239812499494,0.4091968220993234,0.5605095541401274,0.7040958366727127,0.7737704918032787,0.5238095238095238,0.8687782805429864,0.6027397260273972,0.8275862068965517,0.6962939021762551,"[0.8275862068965517, 0.6027397260273972]","[0.8687782805429864, 0.5238095238095238]","[0.847682119205298, 0.5605095541401274]","[0.8687782805429864, 0.5238095238095238]"
Gradient Boosting,5,1,0.986420345979748,0.8705501618122977,0.8240987983978638,0.4276390967654957,0.42148019831551276,0.5637583892617449,0.70917225950783,0.7818791946308725,0.5,0.8925233644859814,0.6461538461538462,0.8197424892703863,0.6962616822429907,"[0.8197424892703863, 0.6461538461538462]","[0.8925233644859814, 0.5]","[0.854586129753915, 0.5637583892617449]","[0.8925233644859814, 0.5]"
Gradient Boosting,6,2,0.9863170530318275,0.8921095008051529,0.7848849263943602,0.426643876050345,0.41994284604500176,0.5714285714285714,0.7081861958266453,0.7722772277227723,0.5054945054945055,0.8867924528301887,0.6571428571428571,0.8068669527896996,0.6961434791623471,"[0.8068669527896996, 0.6571428571428571]","[0.8867924528301887, 0.5054945054945055]","[0.8449438202247191, 0.5714285714285714]","[0.8867924528301887, 0.5054945054945055]"
Gradient Boosting,7,2,0.9856086639591795,0.8833333333333333,0.8288692027097447,0.4365407920792525,0.41508341056533826,0.5584415584415584,0.7019480519480519,0.7710437710437711,0.45263157894736844,0.9207920792079208,0.7288135593220338,0.7815126050420168,0.6867118290776446,"[0.7815126050420168, 0.7288135593220338]","[0.9207920792079208, 0.45263157894736844]","[0.8454545454545455, 0.5584415584415584]","[0.9207920792079208, 0.45263157894736844]"
Gradient Boosting,8,2,0.984585866351875,0.8704,0.7991161333631684,0.40839550755046183,0.40683879972086534,0.5584415584415584,0.702987595364277,0.7733333333333333,0.524390243902439,0.8669724770642202,0.5972222222222222,0.8289473684210527,0.6956813604833296,"[0.8289473684210527, 0.5972222222222222]","[0.8669724770642202, 0.524390243902439]","[0.8475336322869955, 0.5584415584415584]","[0.8669724770642202, 0.524390243902439]"
Gradient Boosting,9,2,0.9893498627420563,0.9028213166144201,0.7845778655208454,0.374171170146198,0.3741146168705731,0.5384615384615384,0.6870389884088515,0.7575757575757576,0.5316455696202531,0.8394495412844036,0.5454545454545454,0.8318181818181818,0.6855475554523284,"[0.8318181818181818, 0.5454545454545454]","[0.8394495412844036, 0.5316455696202531]","[0.8356164383561644, 0.5384615384615384]","[0.8394495412844036, 0.5316455696202531]"
Gradient Boosting,10,2,0.98123071707069,0.88125,0.8357834757834759,0.4795653302553324,0.4749658002735978,0.5957446808510638,0.7365820178448867,0.8118811881188119,0.5384615384615384,0.9066666666666666,0.6666666666666666,0.85,0.7225641025641025,"[0.85, 0.6666666666666666]","[0.9066666666666666, 0.5384615384615384]","[0.8774193548387097, 0.5957446808510638]","[0.9066666666666666, 0.5384615384615384]"
Gradient Boosting,11,3,0.9862810194500335,0.8885496183206106,0.8062780269058296,0.41837000268638874,0.4183532520569335,0.5637583892617449,0.70917225950783,0.7818791946308725,0.56,0.8565022421524664,0.5675675675675675,0.8526785714285714,0.7082511210762332,"[0.8526785714285714, 0.5675675675675675]","[0.8565022421524664, 0.56]","[0.854586129753915, 0.5637583892617449]","[0.8565022421524664, 0.56]"
Gradient Boosting,12,3,0.9866702067547604,0.8871224165341812,0.8213409192324856,0.4574792781224367,0.44167807792854474,0.5652173913043478,0.717391304347826,0.7993311036789298,0.46987951807228917,0.9259259259259259,0.7090909090909091,0.819672131147541,0.6979027219991075,"[0.819672131147541, 0.7090909090909091]","[0.9259259259259259, 0.46987951807228917]","[0.8695652173913043, 0.5652173913043478]","[0.9259259259259259, 0.46987951807228917]"
Gradient Boosting,13,3,0.9867724867724867,0.8798646362098139,0.7930693069306931,0.37014180223101695,0.3527234123635571,0.5212121212121212,0.670217044587754,0.7375415282392026,0.42574257425742573,0.895,0.671875,0.7552742616033755,0.6603712871287128,"[0.7552742616033755, 0.671875]","[0.895, 0.42574257425742573]","[0.8192219679633868, 0.5212121212121212]","[0.895, 0.42574257425742573]"
Gradient Boosting,14,3,0.984015444015444,0.8722741433021807,0.7986309523809524,0.4066220235874472,0.40041399831813185,0.5303030303030303,0.6986279100013005,0.7926421404682275,0.4666666666666667,0.9017857142857143,0.6140350877192983,0.8347107438016529,0.6842261904761905,"[0.8347107438016529, 0.6140350877192983]","[0.9017857142857143, 0.4666666666666667]","[0.8669527896995708, 0.5303030303030303]","[0.9017857142857143, 0.4666666666666667]"
Gradient Boosting,15,3,0.9839371084019679,0.8798701298701299,0.8036491810076716,0.468136033767074,0.44815125321615457,0.5771812080536913,0.7196628140924912,0.7920792079207921,0.4725274725274725,0.9292452830188679,0.7413793103448276,0.8040816326530612,0.7008863777731702,"[0.8040816326530612, 0.7413793103448276]","[0.9292452830188679, 0.4725274725274725]","[0.862144420131291, 0.5771812080536913]","[0.9292452830188679, 0.4725274725274725]"
Gradient Boosting,16,4,0.98540001076745,0.8895800933125972,0.7989657401422107,0.4414395223659375,0.4412832569489912,0.5827814569536424,0.7206042116228886,0.7885906040268457,0.5714285714285714,0.8642533936651584,0.5945945945945946,0.8526785714285714,0.7178409825468649,"[0.8526785714285714, 0.5945945945945946]","[0.8642533936651584, 0.5714285714285714]","[0.8584269662921349, 0.5827814569536424]","[0.8642533936651584, 0.5714285714285714]"
Gradient Boosting,17,4,0.9837327042629532,0.8832807570977917,0.7628968253968254,0.4048914588846521,0.4039509536784741,0.5625,0.7017045454545454,0.7666666666666667,0.5357142857142857,0.8564814814814815,0.5921052631578947,0.8258928571428571,0.6960978835978836,"[0.8258928571428571, 0.5921052631578947]","[0.8564814814814815, 0.5357142857142857]","[0.8409090909090909, 0.5625]","[0.8564814814814815, 0.5357142857142857]"
Gradient Boosting,18,4,0.9829555738092918,0.8745874587458746,0.8132387706855791,0.42866879660245955,0.4135204585886538,0.5605095541401274,0.7027266871824233,0.770764119601329,0.46808510638297873,0.9082125603864735,0.6984126984126984,0.7899159663865546,0.6881488333847261,"[0.7899159663865546, 0.6984126984126984]","[0.9082125603864735, 0.46808510638297873]","[0.8449438202247191, 0.5605095541401274]","[0.9082125603864735, 0.46808510638297873]"
Gradient Boosting,19,4,0.987913379217727,0.8871715610510046,0.8263690476190476,0.39628939075787156,0.3927778130354763,0.5294117647058824,0.695441813088872,0.7859531772575251,0.48,0.8883928571428571,0.5901639344262295,0.8361344537815126,0.6841964285714286,"[0.8361344537815126, 0.5901639344262295]","[0.8883928571428571, 0.48]","[0.8614718614718615, 0.5294117647058824]","[0.8883928571428571, 0.48]"
Gradient Boosting,20,4,0.9858399664851278,0.8747913188647746,0.8006102212051869,0.34015043088917607,0.3107847153139446,0.4583333333333333,0.6443840579710145,0.7417218543046358,0.3473684210526316,0.9227053140096618,0.673469387755102,0.7549407114624506,0.6350368675311467,"[0.7549407114624506, 0.673469387755102]","[0.9227053140096618, 0.3473684210526316]","[0.8304347826086956, 0.4583333333333333]","[0.9227053140096618, 0.3473684210526316]"
Gradient Boosting,21,5,0.9839861672259125,0.8958990536277602,0.7667211328976035,0.29541172927491793,0.28398902104300083,0.44285714285714284,0.637012987012987,0.7408637873754153,0.36470588235294116,0.8888888888888888,0.5636363636363636,0.7804878048780488,0.626797385620915,"[0.7804878048780488, 0.5636363636363636]","[0.8888888888888888, 0.36470588235294116]","[0.8311688311688312, 0.44285714285714284]","[0.8888888888888888, 0.36470588235294116]"
Gradient Boosting,22,5,0.9827092096713519,0.8874801901743264,0.7894304490690033,0.43949045237190726,0.43749464484619993,0.5806451612903226,0.7182604963879551,0.7854785478547854,0.5421686746987951,0.8772727272727273,0.625,0.8354978354978355,0.7097207009857612,"[0.8354978354978355, 0.625]","[0.8772727272727273, 0.5421686746987951]","[0.8558758314855875, 0.5806451612903226]","[0.8772727272727273, 0.5421686746987951]"
Gradient Boosting,23,5,0.9844633627242323,0.895800933125972,0.7966013824884792,0.45061806576596186,0.44277673545966234,0.5714285714285714,0.7196349905601007,0.797979797979798,0.5,0.9078341013824884,0.6666666666666666,0.8312236286919831,0.7039170506912442,"[0.8312236286919831, 0.6666666666666666]","[0.9078341013824884, 0.5]","[0.8678414096916299, 0.5714285714285714]","[0.9078341013824884, 0.5]"
Gradient Boosting,24,5,0.9877007609230103,0.8924558587479936,0.816627358490566,0.446567955386886,0.44344501911400946,0.5925925925925926,0.7209538305428715,0.78,0.5454545454545454,0.8773584905660378,0.6486486486486487,0.8230088495575221,0.7114065180102915,"[0.8230088495575221, 0.6486486486486487]","[0.8773584905660378, 0.5454545454545454]","[0.8493150684931506, 0.5925925925925926]","[0.8773584905660378, 0.5454545454545454]"
Gradient Boosting,25,5,0.9889003578309937,0.889967637540453,0.8143927233814874,0.39715774168656975,0.39065415195614106,0.5477707006369427,0.6933864841053194,0.7625418060200669,0.48314606741573035,0.8809523809523809,0.6323529411764706,0.8008658008658008,0.6820492241840557,"[0.8008658008658008, 0.6323529411764706]","[0.8809523809523809, 0.48314606741573035]","[0.8390022675736961, 0.5477707006369427]","[0.8809523809523809, 0.48314606741573035]"
Gradient Boosting,26,6,0.9872707003141786,0.9065420560747663,0.8105414746543778,0.45310685590622474,0.44998330246819873,0.5850340136054422,0.7242843446103273,0.7946127946127947,0.5375,0.8894009216589862,0.6417910447761194,0.8391304347826087,0.7134504608294931,"[0.8391304347826087, 0.6417910447761194]","[0.8894009216589862, 0.5375]","[0.8635346756152126, 0.5850340136054422]","[0.8894009216589862, 0.5375]"
Gradient Boosting,27,6,0.985421655775189,0.8857589984350548,0.7723927791192365,0.30326288157204173,0.3017503690537161,0.4689655172413793,0.6502376820342564,0.7441860465116279,0.4358974358974359,0.852017937219731,0.5074626865671642,0.811965811965812,0.6439576865585834,"[0.811965811965812, 0.5074626865671642]","[0.852017937219731, 0.4358974358974359]","[0.8315098468271335, 0.4689655172413793]","[0.852017937219731, 0.4358974358974359]"
Gradient Boosting,28,6,0.9863823191089414,0.8826446280991735,0.8007439428973561,0.4330228592373584,0.40443213296398883,0.5454545454545454,0.6946022727272727,0.7674418604651163,0.42857142857142855,0.9310344827586207,0.75,0.7714285714285715,0.6798029556650246,"[0.7714285714285715, 0.75]","[0.9310344827586207, 0.42857142857142855]","[0.84375, 0.5454545454545454]","[0.9310344827586207, 0.42857142857142855]"
Gradient Boosting,29,6,0.9858772019142654,0.8815165876777251,0.7657805429864254,0.3258398520592547,0.3213698129303516,0.4788732394366197,0.6590018371096142,0.7541528239202658,0.425,0.8733031674208145,0.5483870967741935,0.8075313807531381,0.6491515837104073,"[0.8075313807531381, 0.5483870967741935]","[0.8733031674208145, 0.425]","[0.8391304347826087, 0.4788732394366197]","[0.8733031674208145, 0.425]"
Gradient Boosting,30,6,0.9868103780864198,0.8805237315875614,0.84424090739656,0.44800348493975534,0.4439139470875695,0.5925925925925926,0.7209538305428715,0.78,0.5393258426966292,0.8815165876777251,0.6575342465753424,0.8193832599118943,0.7104212151871772,"[0.8193832599118943, 0.6575342465753424]","[0.8815165876777251, 0.5393258426966292]","[0.8493150684931506, 0.5925925925925926]","[0.8815165876777251, 0.5393258426966292]"
Gradient Boosting,31,7,0.9880449010080797,0.8727858293075684,0.7672901261418008,0.38658607178241605,0.3842549203373945,0.5521472392638037,0.6913868446899065,0.7542087542087542,0.5113636363636364,0.8564593301435407,0.6,0.8063063063063063,0.6839114832535885,"[0.8063063063063063, 0.6]","[0.8564593301435407, 0.5113636363636364]","[0.8306264501160093, 0.5521472392638037]","[0.8564593301435407, 0.5113636363636364]"
Gradient Boosting,32,7,0.9827710726006644,0.8847352024922118,0.8118183973447132,0.4063977725506742,0.4038509627406852,0.5428571428571428,0.7012531328320801,0.785234899328859,0.5,0.8828828828828829,0.59375,0.8376068376068376,0.6914414414414414,"[0.8376068376068376, 0.59375]","[0.8828828828828829, 0.5]","[0.8596491228070176, 0.5428571428571428]","[0.8828828828828829, 0.5]"
Gradient Boosting,33,7,0.9824698237105255,0.8849840255591054,0.8319968816126517,0.4309900319352479,0.41325536062378165,0.5373134328358209,0.7024174001785942,0.7940199335548173,0.43902439024390244,0.9269406392694064,0.6923076923076923,0.8152610441767069,0.6829825147566544,"[0.8152610441767069, 0.6923076923076923]","[0.9269406392694064, 0.43902439024390244]","[0.8675213675213675, 0.5373134328358209]","[0.9269406392694064, 0.43902439024390244]"
Gradient Boosting,34,7,0.9861503605956314,0.8954248366013072,0.8059224318658281,0.43953458853240945,0.4263182132166705,0.5657894736842105,0.7098858872845831,0.7814569536423841,0.4777777777777778,0.910377358490566,0.6935483870967742,0.8041666666666667,0.6940775681341719,"[0.8041666666666667, 0.6935483870967742]","[0.910377358490566, 0.4777777777777778]","[0.8539823008849557, 0.5657894736842105]","[0.910377358490566, 0.4777777777777778]"
Gradient Boosting,35,7,0.986817754944205,0.8752025931928687,0.8040301735506673,0.39630936732798283,0.3884547373224574,0.5419354838709678,0.69190315396221,0.7649006622516556,0.47191011235955055,0.8873239436619719,0.6363636363636364,0.8008474576271186,0.6796170280107612,"[0.8008474576271186, 0.6363636363636364]","[0.8873239436619719, 0.47191011235955055]","[0.8418708240534521, 0.5419354838709678]","[0.8873239436619719, 0.47191011235955055]"
Gradient Boosting,36,8,0.9857852031215222,0.8829953198127926,0.7920102194867031,0.40770666597485106,0.39581517000871846,0.5263157894736842,0.6948281767325037,0.7878787878787878,0.4430379746835443,0.9128440366972477,0.6481481481481481,0.8189300411522634,0.677941005690396,"[0.8189300411522634, 0.6481481481481481]","[0.9128440366972477, 0.4430379746835443]","[0.8633405639913232, 0.5263157894736842]","[0.9128440366972477, 0.4430379746835443]"
Gradient Boosting,37,8,0.9816610309847491,0.8739770867430442,0.8511627906976744,0.45276837033624356,0.44802555982175385,0.5911949685534591,0.722890549153687,0.7854785478547854,0.5340909090909091,0.8883720930232558,0.6619718309859155,0.8232758620689655,0.7112315010570824,"[0.8232758620689655, 0.6619718309859155]","[0.8883720930232558, 0.5340909090909091]","[0.854586129753915, 0.5911949685534591]","[0.8883720930232558, 0.5340909090909091]"
Gradient Boosting,38,8,0.984264925880593,0.8753993610223643,0.8325581395348837,0.4745679942709389,0.47313199234826964,0.6114649681528662,0.7362564020718774,0.7953020134228188,0.5783132530120482,0.8790697674418605,0.6486486486486487,0.84375,0.7286915102269543,"[0.84375, 0.6486486486486487]","[0.8790697674418605, 0.5783132530120482]","[0.8610478359908884, 0.6114649681528662]","[0.8790697674418605, 0.5783132530120482]"
Gradient Boosting,39,8,0.9843391586473883,0.8896,0.7556939123031076,0.35447633470880796,0.3449605609114812,0.5,0.6692139737991266,0.7557755775577558,0.42528735632183906,0.8888888888888888,0.6065573770491803,0.7933884297520661,0.657088122605364,"[0.7933884297520661, 0.6065573770491803]","[0.8888888888888888, 0.42528735632183906]","[0.8384279475982532, 0.5]","[0.8888888888888888, 0.42528735632183906]"
Gradient Boosting,40,8,0.987223870755028,0.8878205128205128,0.7837677725118484,0.4401708394338166,0.43491208980012597,0.5822784810126582,0.7161392405063292,0.7792642140468228,0.5227272727272727,0.8862559241706162,0.6571428571428571,0.8165938864628821,0.7044915984489444,"[0.8165938864628821, 0.6571428571428571]","[0.8862559241706162, 0.5227272727272727]","[0.85, 0.5822784810126582]","[0.8862559241706162, 0.5227272727272727]"
Gradient Boosting,41,9,0.9868859401468097,0.8918918918918919,0.7926313169031616,0.4029811880821553,0.385533669759618,0.5529411764705883,0.6872687103010218,0.7449664429530202,0.4563106796116505,0.8974358974358975,0.7014925373134329,0.7575757575757576,0.676873288523774,"[0.7575757575757576, 0.7014925373134329]","[0.8974358974358975, 0.4563106796116505]","[0.8215962441314554, 0.5529411764705883]","[0.8974358974358975, 0.4563106796116505]"
Gradient Boosting,42,9,0.9868328746424909,0.8930232558139535,0.8173664900122299,0.37242406247080745,0.3639575971731449,0.5,0.6794871794871795,0.78,0.42857142857142855,0.9013452914798207,0.6,0.8204081632653061,0.6649583600256246,"[0.8204081632653061, 0.6]","[0.9013452914798207, 0.42857142857142855]","[0.8589743589743589, 0.5]","[0.9013452914798207, 0.42857142857142855]"
Gradient Boosting,43,9,0.9847899820038033,0.886435331230284,0.7953680912955918,0.43612874712434524,0.4327582131883716,0.5733333333333334,0.7155555555555555,0.7866666666666666,0.524390243902439,0.8853211009174312,0.6323529411764706,0.8318965517241379,0.7048556724099351,"[0.8318965517241379, 0.6323529411764706]","[0.8853211009174312, 0.524390243902439]","[0.8577777777777778, 0.5733333333333334]","[0.8853211009174312, 0.524390243902439]"
Gradient Boosting,44,9,0.9853880428185179,0.8831168831168831,0.841000635997456,0.4217054860268851,0.4173376350119231,0.5714285714285714,0.7074829931972789,0.770764119601329,0.5168539325842697,0.8773584905660378,0.6388888888888888,0.8122270742358079,0.6971062115751537,"[0.8122270742358079, 0.6388888888888888]","[0.8773584905660378, 0.5168539325842697]","[0.8435374149659864, 0.5714285714285714]","[0.8773584905660378, 0.5168539325842697]"
Gradient Boosting,45,9,0.9882344245551792,0.8967642526964561,0.802178830813192,0.408679604714847,0.408679604714847,0.5540540540540541,0.7043398023574234,0.7807308970099668,0.5540540540540541,0.8546255506607929,0.5540540540540541,0.8546255506607929,0.7043398023574234,"[0.8546255506607929, 0.5540540540540541]","[0.8546255506607929, 0.5540540540540541]","[0.8546255506607929, 0.5540540540540541]","[0.8546255506607929, 0.5540540540540541]"
Gradient Boosting,46,10,0.9846222405045935,0.9014084507042254,0.7724044456492275,0.4071490683411873,0.40567894292943496,0.5625,0.7024211711711712,0.7682119205298014,0.5294117647058824,0.8617511520737328,0.6,0.8237885462555066,0.6955814583898076,"[0.8237885462555066, 0.6]","[0.8617511520737328, 0.5294117647058824]","[0.8423423423423423, 0.5625]","[0.8617511520737328, 0.5294117647058824]"
Gradient Boosting,47,10,0.9836544373847099,0.8832,0.8232545354590435,0.43240524963792143,0.42922427257476725,0.5769230769230769,0.7138009049773755,0.7792642140468228,0.5294117647058824,0.8785046728971962,0.6338028169014085,0.8245614035087719,0.7039582188015393,"[0.8245614035087719, 0.6338028169014085]","[0.8785046728971962, 0.5294117647058824]","[0.8506787330316742, 0.5769230769230769]","[0.8785046728971962, 0.5294117647058824]"
Gradient Boosting,48,10,0.986588290936117,0.8575949367088608,0.8415322580645161,0.4803688234655046,0.4728959740947162,0.5957446808510638,0.7349584331407637,0.8080808080808081,0.525,0.9124423963133641,0.6885245901639344,0.8389830508474576,0.7187211981566821,"[0.8389830508474576, 0.6885245901639344]","[0.9124423963133641, 0.525]","[0.8741721854304636, 0.5957446808510638]","[0.9124423963133641, 0.525]"
Gradient Boosting,49,10,0.9873892194269108,0.8981481481481481,0.7848600813202584,0.2968463232225551,0.2888621794871795,0.432,0.6412631578947369,0.7633333333333333,0.36486486486486486,0.8938053097345132,0.5294117647058824,0.8112449799196787,0.629335087299689,"[0.8112449799196787, 0.5294117647058824]","[0.8938053097345132, 0.36486486486486486]","[0.8505263157894737, 0.432]","[0.8938053097345132, 0.36486486486486486]"
Gradient Boosting,50,10,0.98775319942368,0.8911222780569514,0.790749224176149,0.3410833336270412,0.31970770836767215,0.4875,0.6514076576576576,0.7284768211920529,0.38613861386138615,0.900497512437811,0.6610169491525424,0.7448559670781894,0.6433180631495985,"[0.7448559670781894, 0.6610169491525424]","[0.900497512437811, 0.38613861386138615]","[0.8153153153153153, 0.4875]","[0.900497512437811, 0.38613861386138615]"
KNN,1,1,0.8826313759093811,0.6590909090909091,0.7689043209876543,0.3893934330800618,0.3855337078651685,0.5394736842105263,0.6916118421052632,0.7666666666666667,0.4880952380952381,0.875,0.6029411764705882,0.8146551724137931,0.6815476190476191,"[0.8146551724137931, 0.6029411764705882]","[0.875, 0.4880952380952381]","[0.84375, 0.5394736842105263]","[0.875, 0.4880952380952381]"
KNN,2,1,0.8929271708683473,0.6978998384491115,0.734414513468939,0.3999547793731535,0.39973232210573273,0.5662650602409639,0.6997991967871486,0.7591973244147158,0.5529411764705883,0.8411214953271028,0.5802469135802469,0.8256880733944955,0.6970313358988456,"[0.8256880733944955, 0.5802469135802469]","[0.8411214953271028, 0.5529411764705883]","[0.8333333333333334, 0.5662650602409639]","[0.8411214953271028, 0.5529411764705883]"
KNN,3,1,0.8999605495617571,0.6943521594684385,0.6926677489177488,0.3503841129945758,0.3295321457190409,0.4748201438848921,0.6575413629708924,0.7550335570469798,0.375,0.9142857142857143,0.6470588235294118,0.7773279352226721,0.6446428571428571,"[0.7773279352226721, 0.6470588235294118]","[0.9142857142857143, 0.375]","[0.8402625820568927, 0.4748201438848921]","[0.9142857142857143, 0.375]"
KNN,4,1,0.8844217654371012,0.6567656765676567,0.801874595992243,0.46020229338042495,0.4600593730424599,0.6060606060606061,0.7299965951651345,0.7868852459016393,0.5952380952380952,0.8597285067873304,0.6172839506172839,0.8482142857142857,0.7274833010127129,"[0.8482142857142857, 0.6172839506172839]","[0.8597285067873304, 0.5952380952380952]","[0.8539325842696629, 0.6060606060606061]","[0.8597285067873304, 0.5952380952380952]"
KNN,5,1,0.8773522569746015,0.6430976430976431,0.7709167779261237,0.3798757710938746,0.37920210033673873,0.546583850931677,0.689383879488827,0.7550335570469798,0.5238095238095238,0.8457943925233645,0.5714285714285714,0.8190045248868778,0.6848019581664442,"[0.8190045248868778, 0.5714285714285714]","[0.8457943925233645, 0.5238095238095238]","[0.832183908045977, 0.546583850931677]","[0.8457943925233645, 0.5238095238095238]"
KNN,6,2,0.8913274262598789,0.6776859504132231,0.7600300642753473,0.3448504791162453,0.3376121076233184,0.5063291139240507,0.6661109855334539,0.7425742574257426,0.43956043956043955,0.8726415094339622,0.5970149253731343,0.7838983050847458,0.6561009744972008,"[0.7838983050847458, 0.5970149253731343]","[0.8726415094339622, 0.43956043956043955]","[0.8258928571428571, 0.5063291139240507]","[0.8726415094339622, 0.43956043956043955]"
KNN,7,2,0.8944253531882398,0.6722972972972973,0.7390828556539865,0.3800709889926655,0.36856875584658555,0.5341614906832298,0.6804756645102061,0.7474747474747475,0.45263157894736844,0.8861386138613861,0.6515151515151515,0.7748917748917749,0.6693850964043773,"[0.7748917748917749, 0.6515151515151515]","[0.8861386138613861, 0.45263157894736844]","[0.8267898383371824, 0.5341614906832298]","[0.8861386138613861, 0.45263157894736844]"
KNN,8,2,0.892810366353576,0.6825396825396826,0.7348400089505482,0.33682072190138557,0.3362068965517241,0.5095541401273885,0.667869620853762,0.7433333333333333,0.4878048780487805,0.8394495412844036,0.5333333333333333,0.8133333333333334,0.663627209666592,"[0.8133333333333334, 0.5333333333333333]","[0.8394495412844036, 0.4878048780487805]","[0.8261851015801355, 0.5095541401273885]","[0.8394495412844036, 0.4878048780487805]"
KNN,9,2,0.8852614645793566,0.6612111292962357,0.7182092672163511,0.38385745912303093,0.38261079143192833,0.5369127516778524,0.6909282859512857,0.7676767676767676,0.5063291139240507,0.8623853211009175,0.5714285714285714,0.8281938325991189,0.6843572175124841,"[0.8281938325991189, 0.5714285714285714]","[0.8623853211009175, 0.5063291139240507]","[0.8449438202247191, 0.5369127516778524]","[0.8623853211009175, 0.5063291139240507]"
KNN,10,2,0.8779708425156806,0.6560509554140127,0.8154700854700854,0.4573723432048563,0.4546436285097193,0.5833333333333334,0.7267316017316017,0.801980198019802,0.5384615384615384,0.8933333333333333,0.6363636363636364,0.8481012658227848,0.7158974358974359,"[0.8481012658227848, 0.6363636363636364]","[0.8933333333333333, 0.5384615384615384]","[0.8701298701298701, 0.5833333333333334]","[0.8933333333333333, 0.5384615384615384]"
KNN,11,3,0.8914386317907445,0.6793048973143759,0.7560538116591928,0.41983932229168935,0.41956296792257586,0.5616438356164384,0.7097108066971081,0.785234899328859,0.5466666666666666,0.8654708520179372,0.5774647887323944,0.8502202643171806,0.7060687593423018,"[0.8502202643171806, 0.5774647887323944]","[0.8654708520179372, 0.5466666666666666]","[0.8577777777777778, 0.5616438356164384]","[0.8654708520179372, 0.5466666666666666]"
KNN,12,3,0.8841693387523912,0.6533996683250415,0.7926706827309237,0.3941880737474158,0.3907149818375122,0.543046357615894,0.6943419707542557,0.7692307692307693,0.4939759036144578,0.875,0.6029411764705882,0.8181818181818182,0.6844879518072289,"[0.8181818181818182, 0.6029411764705882]","[0.875, 0.4939759036144578]","[0.8456375838926175, 0.543046357615894]","[0.875, 0.4939759036144578]"
KNN,13,3,0.8898271604938273,0.6494845360824743,0.7194554455445544,0.30122980293829177,0.292332353726957,0.4883720930232558,0.641860465116279,0.707641196013289,0.4158415841584158,0.855,0.5915492957746479,0.7434782608695653,0.6354207920792079,"[0.7434782608695653, 0.5915492957746479]","[0.855, 0.4158415841584158]","[0.7953488372093023, 0.4883720930232558]","[0.855, 0.4158415841584158]"
KNN,14,3,0.8911264059090146,0.6719745222929936,0.7162797619047618,0.3617182810154907,0.36045754673114483,0.5106382978723404,0.6798268075794962,0.7692307692307693,0.48,0.8660714285714286,0.5454545454545454,0.8326180257510729,0.6730357142857143,"[0.8326180257510729, 0.5454545454545454]","[0.8660714285714286, 0.48]","[0.849015317286652, 0.5106382978723404]","[0.8660714285714286, 0.48]"
KNN,15,3,0.885696740932966,0.6688102893890675,0.7121863985071533,0.24793456688098478,0.2332725239804626,0.4027777777777778,0.6083152958152958,0.7161716171617162,0.31868131868131866,0.8867924528301887,0.5471698113207547,0.752,0.6027368857557537,"[0.752, 0.5471698113207547]","[0.8867924528301887, 0.31868131868131866]","[0.8138528138528138, 0.4027777777777778]","[0.8867924528301887, 0.31868131868131866]"
KNN,16,4,0.8912672615682791,0.6814580031695721,0.7530998413351355,0.3831654493815019,0.38278201356786934,0.5369127516778524,0.6912751677852349,0.7684563758389261,0.5194805194805194,0.8552036199095022,0.5555555555555556,0.8362831858407079,0.6873420696950108,"[0.8362831858407079, 0.5555555555555556]","[0.8552036199095022, 0.5194805194805194]","[0.8456375838926175, 0.5369127516778524]","[0.8552036199095022, 0.5194805194805194]"
KNN,17,4,0.8820134576452876,0.656957928802589,0.8023864638447972,0.4425892572713271,0.4382022471910112,0.5789473684210527,0.7180451127819549,0.7866666666666666,0.5238095238095238,0.8888888888888888,0.6470588235294118,0.8275862068965517,0.7063492063492063,"[0.8275862068965517, 0.6470588235294118]","[0.8888888888888888, 0.5238095238095238]","[0.8571428571428571, 0.5789473684210527]","[0.8888888888888888, 0.5238095238095238]"
KNN,18,4,0.8907026605593997,0.6745362563237775,0.7429591941617842,0.331748724722995,0.324457621013549,0.5030674846625767,0.6592786170465503,0.7308970099667774,0.43617021276595747,0.8647342995169082,0.5942028985507246,0.771551724137931,0.6504522561414328,"[0.771551724137931, 0.5942028985507246]","[0.8647342995169082, 0.43617021276595747]","[0.8154897494305239, 0.5030674846625767]","[0.8647342995169082, 0.43617021276595747]"
KNN,19,4,0.8870471713949974,0.6915887850467289,0.7547916666666667,0.2749533960605869,0.2728737011653981,0.43795620437956206,0.6354640024067008,0.7424749163879598,0.4,0.8571428571428571,0.4838709677419355,0.810126582278481,0.6285714285714286,"[0.810126582278481, 0.4838709677419355]","[0.8571428571428571, 0.4]","[0.8329718004338394, 0.43795620437956206]","[0.8571428571428571, 0.4]"
KNN,20,4,0.8819857561793046,0.6472602739726028,0.7296720061022121,0.28469586960001025,0.2626010115690949,0.4246575342465753,0.6206257103547287,0.7218543046357616,0.3263157894736842,0.9033816425120773,0.6078431372549019,0.7450199203187251,0.6148487159928808,"[0.7450199203187251, 0.6078431372549019]","[0.9033816425120773, 0.3263157894736842]","[0.8165938864628821, 0.4246575342465753]","[0.9033816425120773, 0.3263157894736842]"
KNN,21,5,0.8968174347736766,0.697452229299363,0.7413398692810458,0.33360714616140863,0.32070753278438535,0.4714285714285714,0.6556277056277056,0.7541528239202658,0.38823529411764707,0.8981481481481481,0.6,0.7886178861788617,0.6431917211328976,"[0.7886178861788617, 0.6]","[0.8981481481481481, 0.38823529411764707]","[0.8398268398268398, 0.4714285714285714]","[0.8981481481481481, 0.38823529411764707]"
KNN,22,5,0.8850860093704046,0.6806451612903226,0.7485487404162103,0.35075440194973456,0.3499322493224932,0.5189873417721519,0.6746722423146474,0.7491749174917491,0.4939759036144578,0.8454545454545455,0.5466666666666666,0.8157894736842105,0.6697152245345016,"[0.8157894736842105, 0.5466666666666666]","[0.8454545454545455, 0.4939759036144578]","[0.8303571428571429, 0.5189873417721519]","[0.8454545454545455, 0.4939759036144578]"
KNN,23,5,0.8844160670247627,0.6587837837837838,0.7819700460829493,0.41387835929296074,0.41223388305847075,0.56,0.7056756756756757,0.7777777777777778,0.525,0.8709677419354839,0.6,0.8325991189427313,0.697983870967742,"[0.8325991189427313, 0.6]","[0.8709677419354839, 0.525]","[0.8513513513513513, 0.56]","[0.8709677419354839, 0.525]"
KNN,24,5,0.8921418280719731,0.6655683690280065,0.7559230274442539,0.4259668741711039,0.4241682430176922,0.5818181818181818,0.7115987460815048,0.77,0.5454545454545454,0.8632075471698113,0.6233766233766234,0.820627802690583,0.7043310463121784,"[0.820627802690583, 0.6233766233766234]","[0.8632075471698113, 0.5454545454545454]","[0.8413793103448276, 0.5818181818181818]","[0.8632075471698113, 0.5454545454545454]"
KNN,25,5,0.8821996284062759,0.637137989778535,0.7668806848582129,0.36624162663021975,0.3582202111613877,0.5194805194805194,0.6764069264069263,0.7525083612040134,0.449438202247191,0.8809523809523809,0.6153846153846154,0.7905982905982906,0.665195291599786,"[0.7905982905982906, 0.6153846153846154]","[0.8809523809523809, 0.449438202247191]","[0.8333333333333334, 0.5194805194805194]","[0.8809523809523809, 0.449438202247191]"
KNN,26,6,0.8952180669571974,0.6784565916398714,0.7336981566820275,0.36967748691620334,0.3691663224969025,0.5324675324675324,0.6844155844155844,0.7575757575757576,0.5125,0.847926267281106,0.5540540540540541,0.8251121076233184,0.680213133640553,"[0.8251121076233184, 0.5540540540540541]","[0.847926267281106, 0.5125]","[0.8363636363636363, 0.5324675324675324]","[0.847926267281106, 0.5125]"
KNN,27,6,0.8997611992802154,0.7015873015873015,0.6965907784293435,0.30543250470351363,0.30158091761284533,0.460431654676259,0.649222306819771,0.7508305647840532,0.41025641025641024,0.8699551569506726,0.5245901639344263,0.8083333333333333,0.6401057836035414,"[0.8083333333333333, 0.5245901639344263]","[0.8699551569506726, 0.41025641025641024]","[0.838012958963283, 0.460431654676259]","[0.8699551569506726, 0.41025641025641024]"
KNN,28,6,0.8867151334062789,0.6610169491525424,0.7403237156931739,0.361606274050064,0.3402832415420929,0.5,0.6625560538116593,0.7408637873754153,0.3979591836734694,0.9064039408866995,0.6724137931034483,0.757201646090535,0.6521815622800844,"[0.757201646090535, 0.6724137931034483]","[0.9064039408866995, 0.3979591836734694]","[0.8251121076233184, 0.5]","[0.9064039408866995, 0.3979591836734694]"
KNN,29,6,0.8847656382581542,0.6666666666666666,0.7548359728506787,0.37878394273618227,0.3752744773650173,0.5241379310344828,0.6865766241605674,0.770764119601329,0.475,0.8778280542986425,0.5846153846153846,0.8220338983050848,0.6764140271493213,"[0.8220338983050848, 0.5846153846153846]","[0.8778280542986425, 0.475]","[0.849015317286652, 0.5241379310344828]","[0.8778280542986425, 0.475]"
KNN,30,6,0.8806165261243386,0.6600660066006601,0.7611693913413919,0.38763253807131526,0.38062740150255203,0.5384615384615384,0.6881496881496881,0.76,0.47191011235955055,0.8815165876777251,0.6268656716417911,0.7982832618025751,0.6767133500186379,"[0.7982832618025751, 0.6268656716417911]","[0.8815165876777251, 0.47191011235955055]","[0.8378378378378378, 0.5384615384615384]","[0.8815165876777251, 0.47191011235955055]"
KNN,31,7,0.8956113239355541,0.6721311475409836,0.7284688995215312,0.39735970711951313,0.39669421487603307,0.5680473372781065,0.6981413156978769,0.7542087542087542,0.5454545454545454,0.8421052631578947,0.5925925925925926,0.8148148148148148,0.69377990430622,"[0.8148148148148148, 0.5925925925925926]","[0.8421052631578947, 0.5454545454545454]","[0.8282352941176471, 0.5680473372781065]","[0.8421052631578947, 0.5454545454545454]"
KNN,32,7,0.8901080628961663,0.6886792452830188,0.7483108108108107,0.37583650060052215,0.3730452804119827,0.5179856115107914,0.6856886482061615,0.7751677852348994,0.47368421052631576,0.8783783783783784,0.5714285714285714,0.8297872340425532,0.6760312944523471,"[0.8297872340425532, 0.5714285714285714]","[0.8783783783783784, 0.47368421052631576]","[0.8533916849015317, 0.5179856115107914]","[0.8783783783783784, 0.47368421052631576]"
KNN,33,7,0.8858988855889485,0.6666666666666666,0.7674295578572224,0.28997499719236935,0.2805972002359003,0.43795620437956206,0.6361824032650498,0.7441860465116279,0.36585365853658536,0.8858447488584474,0.5454545454545454,0.7886178861788617,0.6258492036975164,"[0.7886178861788617, 0.5454545454545454]","[0.8858447488584474, 0.36585365853658536]","[0.8344086021505376, 0.43795620437956206]","[0.8858447488584474, 0.36585365853658536]"
KNN,34,7,0.8834177893844797,0.6688632619439868,0.7624737945492662,0.3664797409214243,0.3593369915709679,0.5222929936305732,0.6772538793656222,0.7516556291390728,0.45555555555555555,0.8773584905660378,0.6119402985074627,0.7914893617021277,0.6664570230607967,"[0.7914893617021277, 0.6119402985074627]","[0.8773584905660378, 0.45555555555555555]","[0.8322147651006712, 0.5222929936305732]","[0.8773584905660378, 0.45555555555555555]"
KNN,35,7,0.8915330488343829,0.6622516556291391,0.7035923405602152,0.3438488679739714,0.33983521103077174,0.5125,0.6684121621621621,0.7417218543046358,0.4606741573033708,0.8591549295774648,0.5774647887323944,0.7922077922077922,0.6599145434404178,"[0.7922077922077922, 0.5774647887323944]","[0.8591549295774648, 0.4606741573033708]","[0.8243243243243243, 0.5125]","[0.8591549295774648, 0.4606741573033708]"
KNN,36,8,0.8941882895704197,0.672077922077922,0.7276448728370688,0.37022403379785634,0.3666986000803486,0.5174825174825175,0.6822445846836092,0.7676767676767676,0.46835443037974683,0.8761467889908257,0.578125,0.8197424892703863,0.6722506096852863,"[0.8197424892703863, 0.578125]","[0.8761467889908257, 0.46835443037974683]","[0.8470066518847007, 0.5174825174825175]","[0.8761467889908257, 0.46835443037974683]"
KNN,37,8,0.8835156303912773,0.6644067796610169,0.7941860465116279,0.4225909518810062,0.4163172804532579,0.5641025641025641,0.7064957264957266,0.7755775577557755,0.5,0.8883720930232558,0.6470588235294118,0.8127659574468085,0.6941860465116279,"[0.8127659574468085, 0.6470588235294118]","[0.8883720930232558, 0.5]","[0.8488888888888889, 0.5641025641025641]","[0.8883720930232558, 0.5]"
KNN,38,8,0.875139398884809,0.6501650165016502,0.8175959652563745,0.4815924776317876,0.47977887692755306,0.6153846153846154,0.7395104895104896,0.7986577181208053,0.5783132530120482,0.8837209302325582,0.6575342465753424,0.8444444444444444,0.7310170916223031,"[0.8444444444444444, 0.6575342465753424]","[0.8837209302325582, 0.5783132530120482]","[0.8636363636363636, 0.6153846153846154]","[0.8837209302325582, 0.5783132530120482]"
KNN,39,8,0.8929848247928305,0.67430441898527,0.7121115368241805,0.29289616553705233,0.2856893390378067,0.4563758389261745,0.6395664752617743,0.7326732673267327,0.39080459770114945,0.8703703703703703,0.5483870967741935,0.7800829875518672,0.6305874840357599,"[0.7800829875518672, 0.5483870967741935]","[0.8703703703703703, 0.39080459770114945]","[0.8227571115973742, 0.4563758389261745]","[0.8703703703703703, 0.39080459770114945]"
KNN,40,8,0.8941418699857127,0.673202614379085,0.7296154674709178,0.35351619037488113,0.3492927094668117,0.5189873417721519,0.6731300345224396,0.745819397993311,0.4659090909090909,0.8625592417061612,0.5857142857142857,0.7947598253275109,0.664234166307626,"[0.7947598253275109, 0.5857142857142857]","[0.8625592417061612, 0.4659090909090909]","[0.8272727272727273, 0.5189873417721519]","[0.8625592417061612, 0.4659090909090909]"
KNN,41,9,0.8935788396386224,0.6551126516464472,0.7320139407518049,0.28689810281996214,0.2759570217590842,0.47674418604651164,0.6322400175515577,0.697986577181208,0.39805825242718446,0.8564102564102564,0.5942028985507246,0.7292576419213974,0.6272342544187204,"[0.7292576419213974, 0.5942028985507246]","[0.8564102564102564, 0.39805825242718446]","[0.7877358490566038, 0.47674418604651164]","[0.8564102564102564, 0.39805825242718446]"
KNN,42,9,0.8929091792132102,0.6708860759493671,0.7050841535146468,0.3452269772718962,0.33815065865200156,0.48120300751879697,0.6667257007615398,0.77,0.4155844155844156,0.8923766816143498,0.5714285714285714,0.8155737704918032,0.6539805485993827,"[0.8155737704918032, 0.5714285714285714]","[0.8923766816143498, 0.4155844155844156]","[0.8522483940042827, 0.48120300751879697]","[0.8923766816143498, 0.4155844155844156]"
KNN,43,9,0.8856288973332289,0.6699186991869919,0.7705023495189081,0.3447843091458837,0.3431807566557683,0.5098039215686274,0.6710093433346493,0.75,0.47560975609756095,0.8532110091743119,0.5492957746478874,0.8122270742358079,0.6644103826359364,"[0.8122270742358079, 0.5492957746478874]","[0.8532110091743119, 0.47560975609756095]","[0.8322147651006712, 0.5098039215686274]","[0.8532110091743119, 0.47560975609756095]"
KNN,44,9,0.876308765105115,0.6467661691542289,0.8015157939368243,0.40155757031688266,0.3962823808582163,0.5534591194968553,0.6965941195678408,0.7641196013289037,0.4943820224719101,0.8773584905660378,0.6285714285714286,0.8051948051948052,0.6858702565189739,"[0.8051948051948052, 0.6285714285714286]","[0.8773584905660378, 0.4943820224719101]","[0.8397291196388262, 0.5534591194968553]","[0.8773584905660378, 0.4943820224719101]"
KNN,45,9,0.8856518437886363,0.6666666666666666,0.7559828551017977,0.324984009172867,0.32497084591693337,0.4897959183673469,0.6624803767660911,0.7508305647840532,0.4864864864864865,0.8370044052863436,0.4931506849315068,0.8333333333333334,0.661745445886415,"[0.8333333333333334, 0.4931506849315068]","[0.8370044052863436, 0.4864864864864865]","[0.8351648351648352, 0.4897959183673469]","[0.8370044052863436, 0.4864864864864865]"
KNN,46,10,0.8923316879199232,0.6798029556650246,0.7301978856058553,0.335120807351248,0.3298686131386861,0.49333333333333335,0.6629662261380324,0.7483443708609272,0.43529411764705883,0.8709677419354839,0.5692307692307692,0.7974683544303798,0.6531309297912713,"[0.7974683544303798, 0.5692307692307692]","[0.8709677419354839, 0.43529411764705883]","[0.8325991189427313, 0.49333333333333335]","[0.8709677419354839, 0.43529411764705883]"
KNN,47,10,0.8779377604700417,0.6546644844517185,0.752034084661902,0.3289079384899749,0.32252101842466163,0.4864864864864865,0.6587987987987989,0.745819397993311,0.4235294117647059,0.8738317757009346,0.5714285714285714,0.7923728813559322,0.6486805937328203,"[0.7923728813559322, 0.5714285714285714]","[0.8738317757009346, 0.4235294117647059]","[0.8311111111111111, 0.4864864864864865]","[0.8738317757009346, 0.4235294117647059]"
KNN,48,10,0.8790834769095639,0.6472491909385113,0.7885656682027649,0.4334665801174987,0.4210896309314588,0.5481481481481482,0.7076252723311547,0.7946127946127947,0.4625,0.9170506912442397,0.6727272727272727,0.8223140495867769,0.6897753456221198,"[0.8223140495867769, 0.6727272727272727]","[0.9170506912442397, 0.4625]","[0.8671023965141612, 0.5481481481481482]","[0.9170506912442397, 0.4625]"
KNN,49,10,0.8906875526427941,0.6858054226475279,0.7441999521645539,0.3120026810007812,0.3116740088105726,0.4755244755244755,0.6557053449832444,0.75,0.4594594594594595,0.8451327433628318,0.4927536231884058,0.8268398268398268,0.6522961014111457,"[0.8268398268398268, 0.4927536231884058]","[0.8451327433628318, 0.4594594594594595]","[0.8358862144420132, 0.4755244755244755]","[0.8451327433628318, 0.4594594594594595]"
KNN,50,10,0.8918940870695257,0.6621160409556314,0.7540022658982316,0.3708887099276624,0.35347677632648633,0.5212121212121212,0.6706288396493407,0.7384105960264901,0.42574257425742573,0.8955223880597015,0.671875,0.7563025210084033,0.6606324811585637,"[0.7563025210084033, 0.671875]","[0.8955223880597015, 0.42574257425742573]","[0.8200455580865603, 0.5212121212121212]","[0.8955223880597015, 0.42574257425742573]"
Logistic Regression,1,1,0.8635834479839136,0.6733668341708543,0.8152006172839505,0.43958191209600955,0.42977190876350546,0.6122448979591837,0.7120630430389978,0.7466666666666667,0.7142857142857143,0.7592592592592593,0.5357142857142857,0.8723404255319149,0.7367724867724867,"[0.8723404255319149, 0.5357142857142857]","[0.7592592592592593, 0.7142857142857143]","[0.8118811881188119, 0.6122448979591837]","[0.7592592592592593, 0.7142857142857143]"
Logistic Regression,2,1,0.8692252510760402,0.6882793017456359,0.7835074216602529,0.40594492284866013,0.39635103810971806,0.592964824120603,0.6949786526618053,0.7290969899665551,0.6941176470588235,0.7429906542056075,0.5175438596491229,0.8594594594594595,0.7185541506322155,"[0.8594594594594595, 0.5175438596491229]","[0.7429906542056075, 0.6941176470588235]","[0.7969924812030075, 0.592964824120603]","[0.7429906542056075, 0.6941176470588235]"
Logistic Regression,3,1,0.869583712114715,0.6758448060075094,0.787987012987013,0.4550287871137578,0.4536406495547407,0.6236559139784946,0.7264621033307107,0.7651006711409396,0.6590909090909091,0.8095238095238095,0.5918367346938775,0.85,0.7343073593073592,"[0.85, 0.5918367346938775]","[0.8095238095238095, 0.6590909090909091]","[0.8292682926829268, 0.6236559139784946]","[0.8095238095238095, 0.6590909090909091]"
Logistic Regression,4,1,0.8644398964335507,0.6825595984943539,0.815018315018315,0.41149916364982186,0.39349631535852136,0.5933014354066986,0.6906656802968655,0.7213114754098361,0.7380952380952381,0.7149321266968326,0.496,0.8777777777777778,0.7265136823960354,"[0.8777777777777778, 0.496]","[0.7149321266968326, 0.7380952380952381]","[0.7880299251870324, 0.5933014354066986]","[0.7149321266968326, 0.7380952380952381]"
Logistic Regression,5,1,0.8651230751938856,0.6591478696741855,0.8095238095238095,0.4429876016429387,0.43169727993576235,0.6161616161616161,0.7126034211461347,0.7449664429530202,0.7261904761904762,0.7523364485981309,0.5350877192982456,0.875,0.7392634623943035,"[0.875, 0.5350877192982456]","[0.7523364485981309, 0.7261904761904762]","[0.8090452261306532, 0.6161616161616161]","[0.7523364485981309, 0.7261904761904762]"
Logistic Regression,6,2,0.8664420868575711,0.6641123882503193,0.7818266639021355,0.40164901029452404,0.39163812448328805,0.6009389671361502,0.6923269899293982,0.7194719471947195,0.7032967032967034,0.7264150943396226,0.5245901639344263,0.850828729281768,0.714855898818163,"[0.850828729281768, 0.5245901639344263]","[0.7264150943396226, 0.7032967032967034]","[0.7837150127226463, 0.6009389671361502]","[0.7264150943396226, 0.7032967032967034]"
Logistic Regression,7,2,0.86938109618522,0.6794380587484036,0.7997915581031787,0.4629705636870307,0.45154327649471193,0.6515837104072398,0.7225746970266762,0.7407407407407407,0.7578947368421053,0.7326732673267327,0.5714285714285714,0.8654970760233918,0.7452840020844189,"[0.8654970760233918, 0.5714285714285714]","[0.7326732673267327, 0.7578947368421053]","[0.7935656836461126, 0.6515837104072398]","[0.7326732673267327, 0.7578947368421053]"
Logistic Regression,8,2,0.8681344849992005,0.6775,0.792515104050123,0.4025050012114364,0.39332659251769464,0.5833333333333334,0.6936274509803921,0.7333333333333333,0.6829268292682927,0.7522935779816514,0.509090909090909,0.8631578947368421,0.7176102036249721,"[0.8631578947368421, 0.509090909090909]","[0.7522935779816514, 0.6829268292682927]","[0.803921568627451, 0.5833333333333334]","[0.7522935779816514, 0.6829268292682927]"
Logistic Regression,9,2,0.8706571519145291,0.6800501882057717,0.7712809197538033,0.36865417546796886,0.359298245614035,0.5561497326203209,0.6761092643445585,0.7205387205387206,0.6582278481012658,0.7431192660550459,0.48148148148148145,0.8571428571428571,0.7006735570781558,"[0.8571428571428571, 0.48148148148148145]","[0.7431192660550459, 0.6582278481012658]","[0.7960687960687961, 0.5561497326203209]","[0.7431192660550459, 0.6582278481012658]"
Logistic Regression,10,2,0.8606475673843025,0.6774193548387096,0.8243874643874645,0.4544589351147233,0.44369645042839656,0.6086956521739131,0.7190397692149186,0.7623762376237624,0.717948717948718,0.7777777777777778,0.5283018867924528,0.8883248730964467,0.7478632478632479,"[0.8883248730964467, 0.5283018867924528]","[0.7777777777777778, 0.717948717948718]","[0.8293838862559242, 0.6086956521739131]","[0.7777777777777778, 0.717948717948718]"
Logistic Regression,11,3,0.8651710261569416,0.6877278250303767,0.7978475336322871,0.41685781641241193,0.40058796224663473,0.5806451612903226,0.6952006294256492,0.738255033557047,0.72,0.7443946188340808,0.4864864864864865,0.8877005347593583,0.7321973094170404,"[0.8877005347593583, 0.4864864864864865]","[0.7443946188340808, 0.72]","[0.8097560975609757, 0.5806451612903226]","[0.7443946188340808, 0.72]"
Logistic Regression,12,3,0.8700957866143824,0.6831072749691739,0.8066711289602856,0.4411108455652207,0.4352505886310125,0.6096256684491979,0.716005048336521,0.7558528428093646,0.6867469879518072,0.7824074074074074,0.5480769230769231,0.8666666666666667,0.7345771976796074,"[0.8666666666666667, 0.5480769230769231]","[0.7824074074074074, 0.6867469879518072]","[0.8223844282238443, 0.6096256684491979]","[0.7824074074074074, 0.6867469879518072]"
Logistic Regression,13,3,0.8638941798941797,0.6736020806241872,0.8059405940594059,0.4382014176196772,0.43494997980182015,0.639269406392694,0.7165015439274175,0.7375415282392026,0.693069306930693,0.76,0.5932203389830508,0.8306010928961749,0.7265346534653465,"[0.8306010928961749, 0.5932203389830508]","[0.76, 0.693069306930693]","[0.793733681462141, 0.639269406392694]","[0.76, 0.693069306930693]"
Logistic Regression,14,3,0.864341111297633,0.6864931846344485,0.8142261904761905,0.46409121560982913,0.43947309220886344,0.6113989637305699,0.7131068892726924,0.7491638795986622,0.7866666666666666,0.7366071428571429,0.5,0.9116022099447514,0.7616369047619047,"[0.9116022099447514, 0.5]","[0.7366071428571429, 0.7866666666666666]","[0.8148148148148148, 0.6113989637305699]","[0.7366071428571429, 0.7866666666666666]"
Logistic Regression,15,3,0.8653284392975346,0.6649550706033376,0.8018867924528302,0.4467455681011058,0.43927996346944165,0.6280193236714976,0.7175184337655733,0.7458745874587459,0.7142857142857143,0.7594339622641509,0.5603448275862069,0.8609625668449198,0.7368598382749326,"[0.8609625668449198, 0.5603448275862069]","[0.7594339622641509, 0.7142857142857143]","[0.8070175438596491, 0.6280193236714976]","[0.7594339622641509, 0.7142857142857143]"
Logistic Regression,16,4,0.8653059301730868,0.684931506849315,0.8232355879414703,0.4613948930803156,0.43232550188052554,0.6138613861386139,0.7079459214957029,0.738255033557047,0.8051948051948052,0.7149321266968326,0.496,0.9132947976878613,0.760063465945819,"[0.9132947976878613, 0.496]","[0.7149321266968326, 0.8051948051948052]","[0.8020304568527918, 0.6138613861386139]","[0.7149321266968326, 0.8051948051948052]"
Logistic Regression,17,4,0.8743850689098353,0.6860759493670886,0.7646604938271605,0.3697580917887649,0.35672514619883045,0.5686274509803921,0.673202614379085,0.7066666666666667,0.6904761904761905,0.7129629629629629,0.48333333333333334,0.8555555555555555,0.7017195767195767,"[0.8555555555555555, 0.48333333333333334]","[0.7129629629629629, 0.6904761904761905]","[0.7777777777777778, 0.5686274509803921]","[0.7129629629629629, 0.6904761904761905]"
Logistic Regression,18,4,0.8638255809096858,0.6716981132075471,0.8170932264364272,0.49788755659730694,0.48180718406849055,0.6696428571428571,0.7369378306878307,0.7541528239202658,0.7978723404255319,0.7342995169082126,0.5769230769230769,0.8888888888888888,0.7660859286668722,"[0.8888888888888888, 0.5769230769230769]","[0.7342995169082126, 0.7978723404255319]","[0.8042328042328042, 0.6696428571428571]","[0.7342995169082126, 0.7978723404255319]"
Logistic Regression,19,4,0.8633573946617424,0.6829268292682927,0.7919642857142858,0.41635817507002854,0.4145407077385851,0.5714285714285714,0.706766917293233,0.7692307692307693,0.6133333333333333,0.8214285714285714,0.5348837209302325,0.863849765258216,0.7173809523809523,"[0.863849765258216, 0.5348837209302325]","[0.8214285714285714, 0.6133333333333333]","[0.8421052631578947, 0.5714285714285714]","[0.8214285714285714, 0.6133333333333333]"
Logistic Regression,20,4,0.8628613322161709,0.6658097686375322,0.8247139588100687,0.4449382919164314,0.44185594085890767,0.6310679611650486,0.7200565936478509,0.7483443708609272,0.6842105263157895,0.7777777777777778,0.5855855855855856,0.8429319371727748,0.7309941520467836,"[0.8429319371727748, 0.5855855855855856]","[0.7777777777777778, 0.6842105263157895]","[0.8090452261306532, 0.6310679611650486]","[0.7777777777777778, 0.6842105263157895]"
Logistic Regression,21,5,0.8673971101828392,0.6617100371747212,0.7960239651416121,0.37699462124378363,0.3712279465431757,0.5699481865284974,0.683507100599212,0.7242524916943521,0.6470588235294118,0.7546296296296297,0.5092592592592593,0.844559585492228,0.7008442265795207,"[0.844559585492228, 0.5092592592592593]","[0.7546296296296297, 0.6470588235294118]","[0.7970660146699267, 0.5699481865284974]","[0.7546296296296297, 0.6470588235294118]"
Logistic Regression,22,5,0.8627304127765808,0.6748768472906403,0.8014786418400875,0.45310862289212017,0.43029049544044373,0.6190476190476191,0.7085137085137085,0.735973597359736,0.7831325301204819,0.7181818181818181,0.5118110236220472,0.8977272727272727,0.7506571741511501,"[0.8977272727272727, 0.5118110236220472]","[0.7181818181818181, 0.7831325301204819]","[0.797979797979798, 0.6190476190476191]","[0.7181818181818181, 0.7831325301204819]"
Logistic Regression,23,5,0.8669876017702106,0.683291770573566,0.7915322580645162,0.4294055223150957,0.42494487172591844,0.5955056179775281,0.7112143474503025,0.7575757575757576,0.6625,0.7926267281105991,0.5408163265306123,0.864321608040201,0.7275633640552995,"[0.864321608040201, 0.5408163265306123]","[0.7926267281105991, 0.6625]","[0.8269230769230769, 0.5955056179775281]","[0.7926267281105991, 0.6625]"
Logistic Regression,24,5,0.8698247435796047,0.6871008939974457,0.7905231560891938,0.4407075239006358,0.4318740777176586,0.6206896551724138,0.7133674976113958,0.7433333333333333,0.7159090909090909,0.7547169811320755,0.5478260869565217,0.8648648648648649,0.7353130360205833,"[0.8648648648648649, 0.5478260869565217]","[0.7547169811320755, 0.7159090909090909]","[0.8060453400503779, 0.6206896551724138]","[0.7547169811320755, 0.7159090909090909]"
Logistic Regression,25,5,0.869436416184971,0.6862996158770807,0.8091492776886035,0.46006434546666125,0.4557864401638101,0.6326530612244898,0.7267742918062747,0.7591973244147158,0.6966292134831461,0.7857142857142857,0.5794392523364486,0.859375,0.7411717495987159,"[0.859375, 0.5794392523364486]","[0.7857142857142857, 0.6966292134831461]","[0.8208955223880597, 0.6326530612244898]","[0.7857142857142857, 0.6966292134831461]"
Logistic Regression,26,6,0.8676159589203067,0.688360450563204,0.7936059907834102,0.41033880738201656,0.3966174005790034,0.5876288659793815,0.6938144329896907,0.7306397306397306,0.7125,0.7373271889400922,0.5,0.8743169398907104,0.7249135944700461,"[0.8743169398907104, 0.5]","[0.7373271889400922, 0.7125]","[0.8, 0.5876288659793815]","[0.7373271889400922, 0.7125]"
Logistic Regression,27,6,0.8684363626523793,0.6857142857142857,0.7911923651833964,0.4211718483256884,0.4111408566721583,0.5869565217391305,0.7025691699604744,0.7475083056478405,0.6923076923076923,0.7668161434977578,0.5094339622641509,0.8769230769230769,0.7295619179027251,"[0.8769230769230769, 0.5094339622641509]","[0.7668161434977578, 0.6923076923076923]","[0.8181818181818182, 0.5869565217391305]","[0.7668161434977578, 0.6923076923076923]"
Logistic Regression,28,6,0.8725415930196673,0.6795865633074936,0.7588720217150899,0.40715507168901566,0.4070518415081166,0.6030150753768844,0.7034926493509732,0.7375415282392026,0.6122448979591837,0.7980295566502463,0.594059405940594,0.81,0.705137227304715,"[0.81, 0.594059405940594]","[0.7980295566502463, 0.6122448979591837]","[0.8039702233250621, 0.6030150753768844]","[0.7980295566502463, 0.6122448979591837]"
Logistic Regression,29,6,0.8754302005905713,0.6884422110552764,0.7438348416289593,0.3425824695405931,0.3300524285290336,0.5408163265306123,0.6595707248416609,0.7009966777408638,0.6625,0.7149321266968326,0.45689655172413796,0.8540540540540541,0.6887160633484163,"[0.8540540540540541, 0.45689655172413796]","[0.7149321266968326, 0.6625]","[0.7783251231527094, 0.5408163265306123]","[0.7149321266968326, 0.6625]"
Logistic Regression,30,6,0.857535548941799,0.6675094816687737,0.8285318707066404,0.5022583146650476,0.4798744201302657,0.6636363636363637,0.7344497607655502,0.7533333333333333,0.8202247191011236,0.7251184834123223,0.5572519083969466,0.9053254437869822,0.772671601256723,"[0.9053254437869822, 0.5572519083969466]","[0.7251184834123223, 0.8202247191011236]","[0.8052631578947368, 0.6636363636363637]","[0.7251184834123223, 0.8202247191011236]"
Logistic Regression,31,7,0.8784102356754682,0.6735483870967742,0.758155719878208,0.36859957300259505,0.35256916996047427,0.5806451612903226,0.6696329254727476,0.6936026936026936,0.7159090909090909,0.6842105263157895,0.4883720930232558,0.8511904761904762,0.7000598086124402,"[0.8511904761904762, 0.4883720930232558]","[0.6842105263157895, 0.7159090909090909]","[0.7586206896551724, 0.5806451612903226]","[0.6842105263157895, 0.7159090909090909]"
Logistic Regression,32,7,0.8611608447515426,0.6724782067247821,0.7967045993361782,0.4489222253726875,0.438571352756992,0.6033519553072626,0.7165440831692188,0.761744966442953,0.7105263157894737,0.7792792792792793,0.5242718446601942,0.8871794871794871,0.7449027975343765,"[0.8871794871794871, 0.5242718446601942]","[0.7792792792792793, 0.7105263157894737]","[0.829736211031175, 0.6033519553072626]","[0.7792792792792793, 0.7105263157894737]"
Logistic Regression,33,7,0.861417263834773,0.6708074534161491,0.8332776478449716,0.45499041149093783,0.44719926538108357,0.6170212765957447,0.7215541165587419,0.760797342192691,0.7073170731707317,0.7808219178082192,0.5471698113207547,0.8769230769230769,0.7440694954894754,"[0.8769230769230769, 0.5471698113207547]","[0.7808219178082192, 0.7073170731707317]","[0.8260869565217391, 0.6170212765957447]","[0.7808219178082192, 0.7073170731707317]"
Logistic Regression,34,7,0.8632019508483079,0.6709021601016518,0.8025681341719078,0.4626496805088225,0.45361123172673323,0.6376811594202898,0.7243821414229912,0.7516556291390728,0.7333333333333333,0.7594339622641509,0.5641025641025641,0.8702702702702703,0.7463836477987421,"[0.8702702702702703, 0.5641025641025641]","[0.7594339622641509, 0.7333333333333333]","[0.8110831234256927, 0.6376811594202898]","[0.7594339622641509, 0.7333333333333333]"
Logistic Regression,35,7,0.86672052811844,0.6766917293233082,0.7998628474969668,0.46530986057894597,0.45675531139092806,0.6372549019607843,0.7261274509803921,0.7549668874172185,0.7303370786516854,0.7652582159624414,0.5652173913043478,0.8716577540106952,0.7477976473070633,"[0.8716577540106952, 0.5652173913043478]","[0.7652582159624414, 0.7303370786516854]","[0.815, 0.6372549019607843]","[0.7652582159624414, 0.7303370786516854]"
Logistic Regression,36,8,0.8745455649159255,0.687192118226601,0.7644872837068866,0.37711138851135934,0.36229065097127844,0.5641025641025641,0.675534991324465,0.7138047138047138,0.6962025316455697,0.7201834862385321,0.47413793103448276,0.8674033149171271,0.708193008942051,"[0.8674033149171271, 0.47413793103448276]","[0.7201834862385321, 0.6962025316455697]","[0.7869674185463659, 0.5641025641025641]","[0.7201834862385321, 0.6962025316455697]"
Logistic Regression,37,8,0.8574425505486165,0.6716981132075471,0.8543340380549683,0.4584426477158053,0.44934454433109594,0.6305418719211823,0.7222188267794497,0.7524752475247525,0.7272727272727273,0.7627906976744186,0.5565217391304348,0.8723404255319149,0.745031712473573,"[0.8723404255319149, 0.5565217391304348]","[0.7627906976744186, 0.7272727272727273]","[0.8138957816377171, 0.6305418719211823]","[0.7627906976744186, 0.7272727272727273]"
Logistic Regression,38,8,0.8592275261797907,0.6691449814126395,0.8367609974782853,0.5327087190799056,0.5189911727616645,0.673469387755102,0.756734693877551,0.785234899328859,0.7951807228915663,0.7813953488372093,0.584070796460177,0.9081081081081082,0.7882880358643878,"[0.9081081081081082, 0.584070796460177]","[0.7813953488372093, 0.7951807228915663]","[0.84, 0.673469387755102]","[0.7813953488372093, 0.7951807228915663]"
Logistic Regression,39,8,0.869099200253494,0.6750629722921915,0.7786824180502342,0.3956052435408944,0.38923303834808265,0.5858585858585859,0.6924390968508616,0.7293729372937293,0.6666666666666666,0.7546296296296297,0.5225225225225225,0.8489583333333334,0.7106481481481481,"[0.8489583333333334, 0.5225225225225225]","[0.7546296296296297, 0.6666666666666666]","[0.7990196078431373, 0.5858585858585859]","[0.7546296296296297, 0.6666666666666666]"
Logistic Regression,40,8,0.868783657544785,0.6842767295597484,0.7969086600603188,0.3646375668973123,0.35402354654691104,0.5741626794258373,0.6726854528234585,0.7023411371237458,0.6818181818181818,0.7109004739336493,0.49586776859504134,0.8426966292134831,0.6963593278759155,"[0.8426966292134831, 0.49586776859504134]","[0.7109004739336493, 0.6818181818181818]","[0.7712082262210797, 0.5741626794258373]","[0.7109004739336493, 0.6818181818181818]"
Logistic Regression,41,9,0.8683265104460757,0.6692708333333334,0.782673637042569,0.4503634744311939,0.4477496991576414,0.6515837104072398,0.7231251885369532,0.7416107382550335,0.6990291262135923,0.764102564102564,0.6101694915254238,0.8277777777777777,0.7315658451580782,"[0.8277777777777777, 0.6101694915254238]","[0.764102564102564, 0.6990291262135923]","[0.7946666666666666, 0.6515837104072398]","[0.764102564102564, 0.6990291262135923]"
Logistic Regression,42,9,0.8662140467325024,0.6798516687268232,0.7920330790285948,0.42110297637039856,0.41341224964329126,0.5842696629213483,0.7044571063421907,0.7533333333333333,0.6753246753246753,0.7802690582959642,0.5148514851485149,0.8743718592964824,0.7277968668103197,"[0.8743718592964824, 0.5148514851485149]","[0.7802690582959642, 0.6753246753246753]","[0.8246445497630331, 0.5842696629213483]","[0.7802690582959642, 0.6753246753246753]"
Logistic Regression,43,9,0.8639875353375223,0.6733668341708543,0.8180241664801969,0.41772785800850387,0.40999182672660395,0.5925925925925926,0.7026223303595567,0.7433333333333333,0.6829268292682927,0.7660550458715596,0.5233644859813084,0.8652849740932642,0.7244909375699262,"[0.8652849740932642, 0.5233644859813084]","[0.7660550458715596, 0.6829268292682927]","[0.8126520681265207, 0.5925925925925926]","[0.7660550458715596, 0.6829268292682927]"
Logistic Regression,44,9,0.8609743144071069,0.6742138364779874,0.8298706805172777,0.5030850844919914,0.48867089364756555,0.6635071090047393,0.7409607156276894,0.7641196013289037,0.7865168539325843,0.7547169811320755,0.5737704918032787,0.8938547486033519,0.7706169175323299,"[0.8938547486033519, 0.5737704918032787]","[0.7547169811320755, 0.7865168539325843]","[0.8184143222506394, 0.6635071090047393]","[0.7547169811320755, 0.7865168539325843]"
Logistic Regression,45,9,0.8729841960974036,0.6829865361077111,0.7808667698535541,0.370292536949706,0.34813210611802925,0.5463917525773195,0.6653527390337578,0.707641196013289,0.7162162162162162,0.7048458149779736,0.44166666666666665,0.8839779005524862,0.710531015597095,"[0.8839779005524862, 0.44166666666666665]","[0.7048458149779736, 0.7162162162162162]","[0.7843137254901961, 0.5463917525773195]","[0.7048458149779736, 0.7162162162162162]"
Logistic Regression,46,10,0.8704956807897984,0.6934673366834171,0.7807535917592844,0.38131692719737825,0.3646163301971538,0.5781990521327014,0.6758679739035008,0.7052980132450332,0.7176470588235294,0.7004608294930875,0.48412698412698413,0.8636363636363636,0.7090539441583085,"[0.8636363636363636, 0.48412698412698413]","[0.7004608294930875, 0.7176470588235294]","[0.7735368956743003, 0.5781990521327014]","[0.7004608294930875, 0.7176470588235294]"
Logistic Regression,47,10,0.866167930586869,0.6809583858764187,0.80021990104453,0.4720520097331055,0.45944674211842784,0.6368159203980099,0.7264684135995088,0.7558528428093646,0.7529411764705882,0.7570093457943925,0.5517241379310345,0.8852459016393442,0.7549752611324904,"[0.8852459016393442, 0.5517241379310345]","[0.7570093457943925, 0.7529411764705882]","[0.8161209068010076, 0.6368159203980099]","[0.7570093457943925, 0.7529411764705882]"
Logistic Regression,48,10,0.8666734231951623,0.6708385481852316,0.7944124423963134,0.4293716263790462,0.42175331509155967,0.5978260869565217,0.7086691410392365,0.7508417508417509,0.6875,0.7741935483870968,0.5288461538461539,0.8704663212435233,0.7308467741935484,"[0.8704663212435233, 0.5288461538461539]","[0.7741935483870968, 0.6875]","[0.8195121951219512, 0.5978260869565217]","[0.7741935483870968, 0.6875]"
Logistic Regression,49,10,0.8676035825623575,0.683291770573566,0.7922147811528343,0.3582873655802533,0.3474842767295597,0.5363128491620112,0.6695816027282739,0.7233333333333334,0.6486486486486487,0.7477876106194691,0.45714285714285713,0.8666666666666667,0.6982181296340588,"[0.8666666666666667, 0.45714285714285713]","[0.7477876106194691, 0.6486486486486487]","[0.8028503562945368, 0.5363128491620112]","[0.7477876106194691, 0.6486486486486487]"
Logistic Regression,50,10,0.8624000621521598,0.6562905317769131,0.8232106792768829,0.4759613663485376,0.4738675958188153,0.6604651162790698,0.7364022239493035,0.7582781456953642,0.7029702970297029,0.7860696517412935,0.6228070175438597,0.8404255319148937,0.7445199743854982,"[0.8404255319148937, 0.6228070175438597]","[0.7860696517412935, 0.7029702970297029]","[0.8123393316195373, 0.6604651162790698]","[0.7860696517412935, 0.7029702970297029]"
Naive Bayes,1,1,0.7478978830325107,0.5461767626613704,0.7610504850088183,0.37008165755239686,0.3167305236270753,0.570281124497992,0.6327189098273436,0.6433333333333333,0.8452380952380952,0.5648148148148148,0.4303030303030303,0.9037037037037037,0.705026455026455,"[0.9037037037037037, 0.4303030303030303]","[0.5648148148148148, 0.8452380952380952]","[0.6951566951566952, 0.570281124497992]","[0.5648148148148148, 0.8452380952380952]"
Naive Bayes,2,1,0.7524731843957095,0.544243577545195,0.7261957119296317,0.3420740766049582,0.2719155844155843,0.5555555555555556,0.5948509485094851,0.5986622073578596,0.8823529411764706,0.48598130841121495,0.40540540540540543,0.9122807017543859,0.6841671247938428,"[0.9122807017543859, 0.40540540540540543]","[0.48598130841121495, 0.8823529411764706]","[0.6341463414634146, 0.5555555555555556]","[0.48598130841121495, 0.8823529411764706]"
Naive Bayes,3,1,0.752625169379599,0.5467625899280576,0.7359307359307359,0.32609506993961995,0.31005481005480995,0.5545454545454546,0.6469535783365571,0.6711409395973155,0.6931818181818182,0.6619047619047619,0.4621212121212121,0.8373493975903614,0.6775432900432901,"[0.8373493975903614, 0.4621212121212121]","[0.6619047619047619, 0.6931818181818182]","[0.7393617021276596, 0.5545454545454546]","[0.6619047619047619, 0.6931818181818182]"
Naive Bayes,4,1,0.7471447114493123,0.5546058879392213,0.7591844430079724,0.31669208664513665,0.24805388930949468,0.5347985347985348,0.5789719676960032,0.5836065573770491,0.8690476190476191,0.4751131221719457,0.3862433862433862,0.9051724137931034,0.6720803706097824,"[0.9051724137931034, 0.3862433862433862]","[0.4751131221719457, 0.8690476190476191]","[0.6231454005934718, 0.5347985347985348]","[0.4751131221719457, 0.8690476190476191]"
Naive Bayes,5,1,0.7484443172877476,0.5431034482758621,0.7543947485536271,0.33471309339058214,0.29940441538668217,0.5531914893617021,0.6311663817999646,0.6476510067114094,0.7738095238095238,0.5981308411214953,0.4304635761589404,0.8707482993197279,0.6859701824655096,"[0.8707482993197279, 0.4304635761589404]","[0.5981308411214953, 0.7738095238095238]","[0.7091412742382271, 0.5531914893617021]","[0.5981308411214953, 0.7738095238095238]"
Naive Bayes,6,2,0.7481057583558259,0.553877139979859,0.7516328011611031,0.26880897301471085,0.22926068761795348,0.5338345864661654,0.5845643520566122,0.5907590759075908,0.7802197802197802,0.5094339622641509,0.4057142857142857,0.84375,0.6448268712419656,"[0.84375, 0.4057142857142857]","[0.5094339622641509, 0.7802197802197802]","[0.6352941176470588, 0.5338345864661654]","[0.5094339622641509, 0.7802197802197802]"
Naive Bayes,7,2,0.7477611163178173,0.533201189296333,0.7533871808233454,0.36529791041091697,0.3183251463995367,0.599250936329588,0.6360169054736625,0.6397306397306397,0.8421052631578947,0.5445544554455446,0.46511627906976744,0.88,0.6933298593017196,"[0.88, 0.46511627906976744]","[0.5445544554455446, 0.8421052631578947]","[0.672782874617737, 0.599250936329588]","[0.5445544554455446, 0.8421052631578947]"
Naive Bayes,8,2,0.7563080241264701,0.5506391347099312,0.7190646677108973,0.32149017515116035,0.2707981061887048,0.5381526104417671,0.6052586414032197,0.6166666666666667,0.8170731707317073,0.5412844036697247,0.40119760479041916,0.8872180451127819,0.679178787200716,"[0.8872180451127819, 0.40119760479041916]","[0.5412844036697247, 0.8170731707317073]","[0.6723646723646723, 0.5381526104417671]","[0.5412844036697247, 0.8170731707317073]"
Naive Bayes,9,2,0.7554093794052381,0.5644670050761421,0.7180350714202763,0.26315663504486553,0.22611844720222596,0.5,0.585195530726257,0.6026936026936027,0.7468354430379747,0.5504587155963303,0.37579617834394907,0.8571428571428571,0.6486470793171525,"[0.8571428571428571, 0.37579617834394907]","[0.5504587155963303, 0.7468354430379747]","[0.6703910614525139, 0.5]","[0.5504587155963303, 0.7468354430379747]"
Naive Bayes,10,2,0.7414595694185455,0.5492125984251969,0.7945299145299145,0.3940521897426339,0.33607760546301624,0.5654008438818565,0.6431340262769716,0.6600660066006601,0.8589743589743589,0.5911111111111111,0.42138364779874216,0.9236111111111112,0.7250427350427351,"[0.9236111111111112, 0.42138364779874216]","[0.5911111111111111, 0.8589743589743589]","[0.7208672086720868, 0.5654008438818565]","[0.5911111111111111, 0.8589743589743589]"
Naive Bayes,11,3,0.7469735077129445,0.5533980582524272,0.7713303437967116,0.3569082428742377,0.2946593794379653,0.5378151260504201,0.615276278109009,0.6308724832214765,0.8533333333333334,0.5560538116591929,0.39263803680981596,0.9185185185185185,0.7046935724962631,"[0.9185185185185185, 0.39263803680981596]","[0.5560538116591929, 0.8533333333333334]","[0.6927374301675978, 0.5378151260504201]","[0.5560538116591929, 0.8533333333333334]"
Naive Bayes,12,3,0.739909046967438,0.5410447761194029,0.7854194556001785,0.3891914247269272,0.3254264448520885,0.5770750988142292,0.6334650856389987,0.6421404682274248,0.8795180722891566,0.5509259259259259,0.4294117647058823,0.9224806201550387,0.7152219991075413,"[0.9224806201550387, 0.4294117647058823]","[0.5509259259259259, 0.8795180722891566]","[0.6898550724637681, 0.5770750988142292]","[0.5509259259259259, 0.8795180722891566]"
Naive Bayes,13,3,0.7543950617283951,0.5389344262295082,0.7364356435643564,0.32132011824119416,0.2877244876399746,0.5882352941176471,0.6244206773618539,0.627906976744186,0.7920792079207921,0.545,0.4678362573099415,0.8384615384615385,0.6685396039603961,"[0.8384615384615385, 0.4678362573099415]","[0.545, 0.7920792079207921]","[0.6606060606060606, 0.5882352941176471]","[0.545, 0.7920792079207921]"
Naive Bayes,14,3,0.7549790162833641,0.5604963805584281,0.7009821428571429,0.26888232332771395,0.22300968580203173,0.48945147679324896,0.5771357106957935,0.5953177257525084,0.7733333333333333,0.5357142857142857,0.35802469135802467,0.8759124087591241,0.6545238095238095,"[0.8759124087591241, 0.35802469135802467]","[0.5357142857142857, 0.7733333333333333]","[0.6648199445983379, 0.48945147679324896]","[0.5357142857142857, 0.7733333333333333]"
Naive Bayes,15,3,0.7524822891875577,0.5480572597137015,0.7267261040845947,0.34362367363808566,0.3103285376852051,0.5725806451612904,0.6382456298432151,0.6501650165016502,0.7802197802197802,0.5943396226415094,0.45222929936305734,0.863013698630137,0.6872797014306449,"[0.863013698630137, 0.45222929936305734]","[0.5943396226415094, 0.7802197802197802]","[0.7039106145251397, 0.5725806451612904]","[0.5943396226415094, 0.7802197802197802]"
Naive Bayes,16,4,0.7504996769765001,0.56,0.7376447082329435,0.3108676024685289,0.2522666891578459,0.5182186234817814,0.5886222057236987,0.6006711409395973,0.8311688311688312,0.5203619909502263,0.3764705882352941,0.8984375,0.6757654110595288,"[0.8984375, 0.3764705882352941]","[0.5203619909502263, 0.8311688311688312]","[0.6590257879656161, 0.5182186234817814]","[0.5203619909502263, 0.8311688311688312]"
Naive Bayes,17,4,0.7553760595932664,0.5583756345177665,0.7256393298059964,0.2593475222141825,0.21143420404139968,0.5114503816793893,0.5663760784136591,0.5733333333333334,0.7976190476190477,0.4861111111111111,0.37640449438202245,0.860655737704918,0.6418650793650794,"[0.860655737704918, 0.37640449438202245]","[0.4861111111111111, 0.7976190476190477]","[0.621301775147929, 0.5114503816793893]","[0.4861111111111111, 0.7976190476190477]"
Naive Bayes,18,4,0.7535797819761372,0.5434343434343434,0.723327166204132,0.29920264808524205,0.2672019818049802,0.5581395348837209,0.6133720930232558,0.6212624584717608,0.7659574468085106,0.5555555555555556,0.43902439024390244,0.8394160583941606,0.6607565011820331,"[0.8394160583941606, 0.43902439024390244]","[0.5555555555555556, 0.7659574468085106]","[0.6686046511627907, 0.5581395348837209]","[0.5555555555555556, 0.7659574468085106]"
Naive Bayes,19,4,0.7448699009568575,0.5461538461538461,0.7515178571428571,0.37611006822987886,0.325538805136795,0.5511111111111111,0.6401668156091749,0.6622073578595318,0.8266666666666667,0.6071428571428571,0.41333333333333333,0.912751677852349,0.7169047619047619,"[0.912751677852349, 0.41333333333333333]","[0.6071428571428571, 0.8266666666666667]","[0.7292225201072386, 0.5511111111111111]","[0.6071428571428571, 0.8266666666666667]"
Naive Bayes,20,4,0.7452136573104314,0.5384615384615384,0.7859903381642512,0.39238914035311573,0.3518211568702453,0.61003861003861,0.6586424934251021,0.6655629139072847,0.8315789473684211,0.5893719806763285,0.4817073170731707,0.8840579710144928,0.7104754640223747,"[0.8840579710144928, 0.4817073170731707]","[0.5893719806763285, 0.8315789473684211]","[0.7072463768115942, 0.61003861003861]","[0.5893719806763285, 0.8315789473684211]"
Naive Bayes,21,5,0.7566869821269602,0.5561072492552135,0.7029411764705882,0.24872317603625785,0.2175099366204748,0.5061224489795918,0.58359343737495,0.5980066445182725,0.7294117647058823,0.5462962962962963,0.3875,0.8368794326241135,0.6378540305010894,"[0.8368794326241135, 0.3875]","[0.5462962962962963, 0.7294117647058823]","[0.6610644257703081, 0.5061224489795918]","[0.5462962962962963, 0.7294117647058823]"
Naive Bayes,22,5,0.7478660100543757,0.5503489531405783,0.7474808324205914,0.30051602105399633,0.24359800289901767,0.5267175572519084,0.5831262204864194,0.5907590759075908,0.8313253012048193,0.5,0.3854748603351955,0.8870967741935484,0.6656626506024097,"[0.8870967741935484, 0.3854748603351955]","[0.5, 0.8313253012048193]","[0.6395348837209303, 0.5267175572519084]","[0.5, 0.8313253012048193]"
Naive Bayes,23,5,0.7488986858552076,0.5530227948463825,0.7656970046082948,0.3253646953507287,0.2677577045696069,0.536,0.5993953488372092,0.6094276094276094,0.8375,0.5253456221198156,0.3941176470588235,0.8976377952755905,0.6814228110599079,"[0.8976377952755905, 0.3941176470588235]","[0.5253456221198156, 0.8375]","[0.6627906976744186, 0.536]","[0.5253456221198156, 0.8375]"
Naive Bayes,24,5,0.7527705093335992,0.5458128078817734,0.7279159519725558,0.30414743289778107,0.25829701642641634,0.5461538461538461,0.5995475113122172,0.6066666666666667,0.8068181818181818,0.5235849056603774,0.4127906976744186,0.8671875,0.6652015437392795,"[0.8671875, 0.4127906976744186]","[0.5235849056603774, 0.8068181818181818]","[0.6529411764705882, 0.5461538461538461]","[0.5235849056603774, 0.8068181818181818]"
Naive Bayes,25,5,0.7425646848334709,0.5319587628865979,0.7749331193151417,0.40610716563721827,0.36881985645401416,0.6058091286307054,0.6698513430268372,0.6822742474916388,0.8202247191011236,0.6238095238095238,0.48026315789473684,0.891156462585034,0.7220171214553237,"[0.891156462585034, 0.48026315789473684]","[0.6238095238095238, 0.8202247191011236]","[0.7338935574229691, 0.6058091286307054]","[0.6238095238095238, 0.8202247191011236]"
Naive Bayes,26,6,0.7432536062970847,0.5518630412890232,0.7867799539170508,0.36014388904358124,0.2928720423084217,0.5533596837944664,0.6109906923371159,0.6195286195286195,0.875,0.5253456221198156,0.4046242774566474,0.9193548387096774,0.7001728110599078,"[0.9193548387096774, 0.4046242774566474]","[0.5253456221198156, 0.875]","[0.6686217008797654, 0.5533596837944664]","[0.5253456221198156, 0.875]"
Naive Bayes,27,6,0.7526873537091907,0.5513733468972533,0.7218868575370817,0.3474685563331267,0.3078606032192531,0.5422222222222223,0.6345063365753021,0.6578073089700996,0.782051282051282,0.6143497757847534,0.41496598639455784,0.8896103896103896,0.6982005289180178,"[0.8896103896103896, 0.41496598639455784]","[0.6143497757847534, 0.782051282051282]","[0.726790450928382, 0.5422222222222223]","[0.6143497757847534, 0.782051282051282]"
Naive Bayes,28,6,0.7583887439328899,0.5434995112414467,0.7344676786970946,0.32182593563347955,0.2912795924483069,0.5801526717557252,0.6283116299955096,0.6345514950166113,0.7755102040816326,0.5665024630541872,0.4634146341463415,0.8394160583941606,0.67100633356791,"[0.8394160583941606, 0.4634146341463415]","[0.5665024630541872, 0.7755102040816326]","[0.6764705882352942, 0.5801526717557252]","[0.5665024630541872, 0.7755102040816326]"
Naive Bayes,29,6,0.7628618945796424,0.56,0.6810237556561085,0.23993684429828402,0.1981685744016649,0.488,0.5621818181818181,0.574750830564784,0.7625,0.5067873303167421,0.3588235294117647,0.8549618320610687,0.634643665158371,"[0.8549618320610687, 0.3588235294117647]","[0.5067873303167421, 0.7625]","[0.6363636363636364, 0.488]","[0.5067873303167421, 0.7625]"
Naive Bayes,30,6,0.7331642002865961,0.5374625374625375,0.8009212418126631,0.3781949019833714,0.3166853025220524,0.5864661654135338,0.6285624240241321,0.6333333333333333,0.8764044943820225,0.5308056872037915,0.4406779661016949,0.9105691056910569,0.703605090792907,"[0.9105691056910569, 0.4406779661016949]","[0.5308056872037915, 0.8764044943820225]","[0.6706586826347305, 0.5864661654135338]","[0.5308056872037915, 0.8764044943820225]"
Naive Bayes,31,7,0.7625358927090686,0.5578231292517006,0.6846726837755547,0.23374925760876633,0.19430950728660656,0.5132075471698113,0.5605551413660607,0.5656565656565656,0.7727272727272727,0.4784688995215311,0.384180790960452,0.8333333333333334,0.6255980861244019,"[0.8333333333333334, 0.384180790960452]","[0.4784688995215311, 0.7727272727272727]","[0.60790273556231, 0.5132075471698113]","[0.4784688995215311, 0.7727272727272727]"
Naive Bayes,32,7,0.749103954692187,0.5529522024367385,0.7652323376007586,0.3569403584653028,0.28464075481150597,0.5381526104417671,0.6033702533476847,0.6140939597315436,0.881578947368421,0.5225225225225225,0.3872832369942196,0.928,0.7020507349454718,"[0.928, 0.3872832369942196]","[0.5225225225225225, 0.881578947368421]","[0.6685878962536023, 0.5381526104417671]","[0.5225225225225225, 0.881578947368421]"
Naive Bayes,33,7,0.7388558894853001,0.5403788634097707,0.7943813342243011,0.413184198707269,0.37065705769829616,0.591304347826087,0.6693080878915381,0.6877076411960132,0.8292682926829268,0.634703196347032,0.4594594594594595,0.9084967320261438,0.7319857445149793,"[0.9084967320261438, 0.4594594594594595]","[0.634703196347032, 0.8292682926829268]","[0.7473118279569892, 0.591304347826087]","[0.634703196347032, 0.8292682926829268]"
Naive Bayes,34,7,0.7494301378391934,0.5522842639593909,0.7344863731656185,0.2987301150319279,0.2614268848035082,0.546875,0.6067708333333333,0.6158940397350994,0.7777777777777778,0.5471698113207547,0.42168674698795183,0.8529411764705882,0.6624737945492662,"[0.8529411764705882, 0.42168674698795183]","[0.5471698113207547, 0.7777777777777778]","[0.6666666666666666, 0.546875]","[0.5471698113207547, 0.7777777777777778]"
Naive Bayes,35,7,0.7501363799580157,0.5437100213219617,0.7349264124070265,0.3117296417954386,0.27863137508069724,0.5506072874493927,0.6198414588507468,0.6324503311258278,0.7640449438202247,0.5774647887323944,0.43037974683544306,0.8541666666666666,0.6707548662763095,"[0.8541666666666666, 0.43037974683544306]","[0.5774647887323944, 0.7640449438202247]","[0.6890756302521008, 0.5506072874493927]","[0.5774647887323944, 0.7640449438202247]"
Naive Bayes,36,8,0.7556235287769542,0.5552238805970149,0.7404192312158866,0.32563740366200394,0.28731833205052737,0.5350877192982456,0.6227351164797239,0.6430976430976431,0.7721518987341772,0.5963302752293578,0.40939597315436244,0.8783783783783784,0.6842410869817674,"[0.8783783783783784, 0.40939597315436244]","[0.5963302752293578, 0.7721518987341772]","[0.7103825136612022, 0.5350877192982456]","[0.5963302752293578, 0.7721518987341772]"
Naive Bayes,37,8,0.7467359050445104,0.5468085106382978,0.7568710359408034,0.30945560923847054,0.2732270594977819,0.5461847389558233,0.6148290641557828,0.6270627062706271,0.7727272727272727,0.5674418604651162,0.422360248447205,0.8591549295774648,0.6700845665961945,"[0.8591549295774648, 0.422360248447205]","[0.5674418604651162, 0.7727272727272727]","[0.6834733893557423, 0.5461847389558233]","[0.5674418604651162, 0.7727272727272727]"
Naive Bayes,38,8,0.7386304909560724,0.5379442843419788,0.775119080975063,0.4048752455984319,0.3528844044746655,0.5892116182572614,0.6551691894103209,0.6677852348993288,0.8554216867469879,0.5953488372093023,0.44936708860759494,0.9142857142857143,0.7253852619781451,"[0.9142857142857143, 0.44936708860759494]","[0.5953488372093023, 0.8554216867469879]","[0.7211267605633803, 0.5892116182572614]","[0.5953488372093023, 0.8554216867469879]"
Naive Bayes,39,8,0.753702530119652,0.5577299412915852,0.7280225627926777,0.26117352543838607,0.21572433875273,0.518796992481203,0.5711632021229545,0.5775577557755776,0.7931034482758621,0.49074074074074076,0.3854748603351955,0.8548387096774194,0.6419220945083014,"[0.8548387096774194, 0.3854748603351955]","[0.49074074074074076, 0.7931034482758621]","[0.6235294117647059, 0.518796992481203]","[0.49074074074074076, 0.7931034482758621]"
Naive Bayes,40,8,0.7511556901857347,0.5503489531405783,0.7175786299009047,0.29323021013245193,0.24328921710990326,0.5413533834586466,0.5869417519702871,0.5919732441471572,0.8181818181818182,0.4976303317535545,0.4044943820224719,0.8677685950413223,0.6579060749676864,"[0.8677685950413223, 0.4044943820224719]","[0.4976303317535545, 0.8181818181818182]","[0.6325301204819277, 0.5413533834586466]","[0.4976303317535545, 0.8181818181818182]"
Naive Bayes,41,9,0.7545683935629588,0.5465968586387434,0.7292257903908389,0.2461209239283133,0.2310361703074253,0.5503875968992248,0.6035961653135178,0.610738255033557,0.6893203883495146,0.5692307692307692,0.45806451612903226,0.7762237762237763,0.6292755787901418,"[0.7762237762237763, 0.45806451612903226]","[0.5692307692307692, 0.6893203883495146]","[0.6568047337278107, 0.5503875968992248]","[0.5692307692307692, 0.6893203883495146]"
Naive Bayes,42,9,0.7548364902056015,0.5534351145038168,0.7167899365208783,0.3126670728787886,0.26206365503080087,0.5188284518828452,0.6001344475480708,0.6166666666666667,0.8051948051948052,0.5515695067264574,0.38271604938271603,0.8913043478260869,0.6783821559606313,"[0.8913043478260869, 0.38271604938271603]","[0.5515695067264574, 0.8051948051948052]","[0.6814404432132964, 0.5188284518828452]","[0.5515695067264574, 0.8051948051948052]"
Naive Bayes,43,9,0.7511064769298283,0.5501489572989077,0.7278473931528304,0.34025844751649853,0.27470906408785445,0.5461538461538461,0.5995475113122172,0.6066666666666667,0.8658536585365854,0.5091743119266054,0.398876404494382,0.9098360655737705,0.6875139852315955,"[0.9098360655737705, 0.398876404494382]","[0.5091743119266054, 0.8658536585365854]","[0.6529411764705882, 0.5461538461538461]","[0.5091743119266054, 0.8658536585365854]"
Naive Bayes,44,9,0.7394729763284225,0.5365365365365365,0.7883983464066143,0.3953430756192006,0.336232004660065,0.5954198473282443,0.6418275707229457,0.6478405315614618,0.8764044943820225,0.5518867924528302,0.4508670520231214,0.9140625,0.7141456434174264,"[0.9140625, 0.4508670520231214]","[0.5518867924528302, 0.8764044943820225]","[0.6882352941176471, 0.5954198473282443]","[0.5518867924528302, 0.8764044943820225]"
Naive Bayes,45,9,0.748100104821803,0.5595238095238095,0.7651803786165019,0.3359201637914465,0.2755563062112064,0.5210084033613446,0.6039107950872658,0.6212624584717608,0.8378378378378378,0.5506607929515418,0.3780487804878049,0.9124087591240876,0.6942493153946898,"[0.9124087591240876, 0.3780487804878049]","[0.5506607929515418, 0.8378378378378378]","[0.6868131868131868, 0.5210084033613446]","[0.5506607929515418, 0.8378378378378378]"
Naive Bayes,46,10,0.7548728232551762,0.5620512820512821,0.7282190295473028,0.2517136774873832,0.21515697698788616,0.5079365079365079,0.5778318903318903,0.5894039735099338,0.7529411764705882,0.5253456221198156,0.38323353293413176,0.8444444444444444,0.6391433992952019,"[0.8444444444444444, 0.38323353293413176]","[0.5253456221198156, 0.7529411764705882]","[0.6477272727272727, 0.5079365079365079]","[0.5253456221198156, 0.7529411764705882]"
Naive Bayes,47,10,0.7411491425838628,0.5395256916996047,0.7474711379879053,0.361120019073074,0.29784492612065916,0.5670498084291188,0.615869117864411,0.6220735785953178,0.8705882352941177,0.5233644859813084,0.42045454545454547,0.9105691056910569,0.6969763606377131,"[0.9105691056910569, 0.42045454545454547]","[0.5233644859813084, 0.8705882352941177]","[0.6646884272997032, 0.5670498084291188]","[0.5233644859813084, 0.8705882352941177]"
Naive Bayes,48,10,0.7460727678118982,0.549172346640701,0.7567972350230415,0.30973727046321625,0.27608829358299736,0.5286343612334802,0.6185406138592469,0.6397306397306397,0.75,0.5990783410138248,0.40816326530612246,0.8666666666666667,0.6745391705069124,"[0.8666666666666667, 0.40816326530612246]","[0.5990783410138248, 0.75]","[0.7084468664850136, 0.5286343612334802]","[0.5990783410138248, 0.75]"
Naive Bayes,49,10,0.7573515347366938,0.5577689243027888,0.7289823008849557,0.2990804405722903,0.24794309221803212,0.502127659574468,0.5907898571844943,0.61,0.7972972972972973,0.5486725663716814,0.36645962732919257,0.8920863309352518,0.6729849318344894,"[0.8920863309352518, 0.36645962732919257]","[0.5486725663716814, 0.7972972972972973]","[0.6794520547945205, 0.502127659574468]","[0.5486725663716814, 0.7972972972972973]"
Naive Bayes,50,10,0.7476092606718083,0.5334665334665335,0.764124919954682,0.36770905183020347,0.3233475789386333,0.6115107913669064,0.6401112239043121,0.6423841059602649,0.8415841584158416,0.5422885572139303,0.480225988700565,0.872,0.6919363578148859,"[0.872, 0.480225988700565]","[0.5422885572139303, 0.8415841584158416]","[0.6687116564417178, 0.6115107913669064]","[0.5422885572139303, 0.8415841584158416]"
Random Forest,1,1,1.0,1.0,0.8330026455026456,0.41987161530446315,0.40887595489268824,0.5454545454545454,0.7016112989854784,0.7833333333333333,0.4642857142857143,0.9074074074074074,0.6610169491525424,0.8132780082987552,0.6858465608465609,"[0.8132780082987552, 0.6610169491525424]","[0.9074074074074074, 0.4642857142857143]","[0.8577680525164114, 0.5454545454545454]","[0.9074074074074074, 0.4642857142857143]"
Random Forest,2,1,1.0,1.0,0.7932105552501375,0.3471192970341698,0.3365048484664256,0.48951048951048953,0.6645354645354645,0.7558528428093646,0.4117647058823529,0.8925233644859814,0.603448275862069,0.7925311203319502,0.6521440351841672,"[0.7925311203319502, 0.603448275862069]","[0.8925233644859814, 0.4117647058823529]","[0.8395604395604396, 0.48951048951048953]","[0.8925233644859814, 0.4117647058823529]"
Random Forest,3,1,1.0,1.0,0.8084686147186146,0.31394699246840296,0.27288698028498926,0.4,0.6203821656050956,0.7483221476510067,0.2840909090909091,0.9428571428571428,0.6756756756756757,0.7586206896551724,0.613474025974026,"[0.7586206896551724, 0.6756756756756757]","[0.9428571428571428, 0.2840909090909091]","[0.8407643312101911, 0.4]","[0.9428571428571428, 0.2840909090909091]"
Random Forest,4,1,1.0,1.0,0.8163919413919414,0.4090368393135217,0.3953502342905203,0.5285714285714286,0.6940729483282675,0.7836065573770492,0.44047619047619047,0.9140271493212669,0.6607142857142857,0.8112449799196787,0.6772516698987288,"[0.8112449799196787, 0.6607142857142857]","[0.9140271493212669, 0.44047619047619047]","[0.8595744680851064, 0.5285714285714286]","[0.9140271493212669, 0.44047619047619047]"
Random Forest,5,1,1.0,1.0,0.8335280373831776,0.37736313425698775,0.3573512622098186,0.4925373134328358,0.6726755831233443,0.7718120805369127,0.39285714285714285,0.9205607476635514,0.66,0.7943548387096774,0.6567089452603472,"[0.7943548387096774, 0.66]","[0.9205607476635514, 0.39285714285714285]","[0.8528138528138528, 0.4925373134328358]","[0.9205607476635514, 0.39285714285714285]"
Random Forest,6,2,1.0,1.0,0.7972475637569978,0.3966331700079135,0.3669034684496447,0.5,0.6748927038626609,0.768976897689769,0.38461538461538464,0.9339622641509434,0.7142857142857143,0.7795275590551181,0.659288824383164,"[0.7795275590551181, 0.7142857142857143]","[0.9339622641509434, 0.38461538461538464]","[0.8497854077253219, 0.5]","[0.9339622641509434, 0.38461538461538464]"
Random Forest,7,2,1.0,1.0,0.8380145909327774,0.34887717221724773,0.3229817342135646,0.47619047619047616,0.6519654841802492,0.7407407407407407,0.3684210526315789,0.9158415841584159,0.6730769230769231,0.7551020408163265,0.6421313183949974,"[0.7551020408163265, 0.6730769230769231]","[0.9158415841584159, 0.3684210526315789]","[0.8277404921700223, 0.47619047619047616]","[0.9158415841584159, 0.3684210526315789]"
Random Forest,8,2,1.0,1.0,0.8048780487804877,0.3316828650837933,0.3180095983834301,0.4626865671641791,0.6540900646979694,0.76,0.3780487804878049,0.9036697247706422,0.5961538461538461,0.7943548387096774,0.6408592526292236,"[0.7943548387096774, 0.5961538461538461]","[0.9036697247706422, 0.3780487804878049]","[0.8454935622317596, 0.4626865671641791]","[0.9036697247706422, 0.3780487804878049]"
Random Forest,9,2,0.9999999999999999,1.0,0.7823713854372314,0.35672881967867104,0.3396714783474366,0.47244094488188976,0.6644859970662126,0.7744107744107744,0.379746835443038,0.9174311926605505,0.625,0.8032128514056225,0.6485890140517943,"[0.8032128514056225, 0.625]","[0.9174311926605505, 0.379746835443038]","[0.8565310492505354, 0.47244094488188976]","[0.9174311926605505, 0.379746835443038]"
Random Forest,10,2,1.0,1.0,0.8498005698005698,0.4358148416161851,0.4146940379137609,0.528,0.7026694386694388,0.8052805280528053,0.4230769230769231,0.9377777777777778,0.7021276595744681,0.82421875,0.6804273504273505,"[0.82421875, 0.7021276595744681]","[0.9377777777777778, 0.4230769230769231]","[0.8773388773388774, 0.528]","[0.9377777777777778, 0.4230769230769231]"
Random Forest,11,3,1.0,1.0,0.8203288490284006,0.40758050111476507,0.4044915307999746,0.5401459854014599,0.7014455417203378,0.7885906040268457,0.49333333333333335,0.8878923766816144,0.5967741935483871,0.8389830508474576,0.6906128550074738,"[0.8389830508474576, 0.5967741935483871]","[0.8878923766816144, 0.49333333333333335]","[0.8627450980392157, 0.5401459854014599]","[0.8878923766816144, 0.49333333333333335]"
Random Forest,12,3,1.0,1.0,0.8262215528781792,0.42492174723711384,0.40639082343301924,0.5333333333333333,0.6986321094312455,0.7892976588628763,0.43373493975903615,0.9259259259259259,0.6923076923076923,0.8097165991902834,0.679830432842481,"[0.8097165991902834, 0.6923076923076923]","[0.9259259259259259, 0.43373493975903615]","[0.8639308855291576, 0.5333333333333333]","[0.9259259259259259, 0.43373493975903615]"
Random Forest,13,3,1.0,1.0,0.8069801980198019,0.4021295225576928,0.3541696466885996,0.4897959183673469,0.6624803767660911,0.7508305647840532,0.3564356435643564,0.95,0.782608695652174,0.7450980392156863,0.6532178217821782,"[0.7450980392156863, 0.782608695652174]","[0.95, 0.3564356435643564]","[0.8351648351648352, 0.4897959183673469]","[0.95, 0.3564356435643564]"
Random Forest,14,3,1.0,1.0,0.8088392857142858,0.4185542890775073,0.4129140245276338,0.5413533834586466,0.7050852938798609,0.7959866220735786,0.48,0.9017857142857143,0.6206896551724138,0.8381742738589212,0.6908928571428572,"[0.8381742738589212, 0.6206896551724138]","[0.9017857142857143, 0.48]","[0.8688172043010752, 0.5413533834586466]","[0.9017857142857143, 0.48]"
Random Forest,15,3,1.0,1.0,0.7965477918308107,0.438610569172046,0.4157414981886176,0.547945205479452,0.7022334723049435,0.7821782178217822,0.43956043956043955,0.9292452830188679,0.7272727272727273,0.7943548387096774,0.6844028612896538,"[0.7943548387096774, 0.7272727272727273]","[0.9292452830188679, 0.43956043956043955]","[0.8565217391304348, 0.547945205479452]","[0.9292452830188679, 0.43956043956043955]"
Random Forest,16,4,1.0,1.0,0.8181230534171711,0.4307408355710077,0.42809385253513277,0.5633802816901409,0.7134082025190793,0.7919463087248322,0.5194805194805194,0.8868778280542986,0.6153846153846154,0.8412017167381974,0.703179173767409,"[0.8412017167381974, 0.6153846153846154]","[0.8868778280542986, 0.5194805194805194]","[0.8634361233480177, 0.5633802816901409]","[0.8868778280542986, 0.5194805194805194]"
Random Forest,17,4,1.0,1.0,0.7826003086419753,0.3340301035633422,0.31979127841967947,0.46715328467153283,0.6547429490312308,0.7566666666666667,0.38095238095238093,0.9027777777777778,0.6037735849056604,0.7894736842105263,0.6418650793650793,"[0.7894736842105263, 0.6037735849056604]","[0.9027777777777778, 0.38095238095238093]","[0.8423326133909287, 0.46715328467153283]","[0.9027777777777778, 0.38095238095238093]"
Random Forest,18,4,1.0,1.0,0.8055041628122109,0.3695916396846244,0.35007917086512164,0.5033112582781457,0.6685070703807581,0.7508305647840532,0.40425531914893614,0.9082125603864735,0.6666666666666666,0.7704918032786885,0.6562339397677048,"[0.7704918032786885, 0.6666666666666666]","[0.9082125603864735, 0.40425531914893614]","[0.8337028824833703, 0.5033112582781457]","[0.9082125603864735, 0.40425531914893614]"
Random Forest,19,4,0.9999999999999999,1.0,0.8138392857142858,0.3784820757905164,0.35703385127635956,0.4745762711864407,0.672704802259887,0.7926421404682275,0.37333333333333335,0.9330357142857143,0.6511627906976745,0.81640625,0.6531845238095239,"[0.81640625, 0.6511627906976745]","[0.9330357142857143, 0.37333333333333335]","[0.8708333333333333, 0.4745762711864407]","[0.9330357142857143, 0.37333333333333335]"
Random Forest,20,4,1.0,1.0,0.8430714467327739,0.417338767784069,0.37739294339400353,0.5070422535211268,0.6777635510029876,0.7682119205298014,0.37894736842105264,0.9468599033816425,0.7659574468085106,0.7686274509803922,0.6629036359013476,"[0.7686274509803922, 0.7659574468085106]","[0.9468599033816425, 0.37894736842105264]","[0.8484848484848485, 0.5070422535211268]","[0.9468599033816425, 0.37894736842105264]"
Random Forest,21,5,1.0,1.0,0.7837145969498911,0.3196868864057102,0.28716950527169505,0.416,0.6314800838574424,0.7574750830564784,0.3058823529411765,0.9351851851851852,0.65,0.7739463601532567,0.6205337690631809,"[0.7739463601532567, 0.65]","[0.9351851851851852, 0.3058823529411765]","[0.8469601677148847, 0.416]","[0.9351851851851852, 0.3058823529411765]"
Random Forest,22,5,1.0,1.0,0.8242880613362542,0.45616175454156377,0.446102670142947,0.5734265734265734,0.7208385566916884,0.7986798679867987,0.4939759036144578,0.9136363636363637,0.6833333333333333,0.8271604938271605,0.7038061336254108,"[0.8271604938271605, 0.6833333333333333]","[0.9136363636363637, 0.4939759036144578]","[0.8682505399568035, 0.5734265734265734]","[0.9136363636363637, 0.4939759036144578]"
Random Forest,23,5,1.0,1.0,0.8340725806451613,0.41718195661608465,0.4072982989641738,0.5401459854014599,0.7011452027663754,0.7878787878787878,0.4625,0.9078341013824884,0.6491228070175439,0.8208333333333333,0.6851670506912442,"[0.8208333333333333, 0.6491228070175439]","[0.9078341013824884, 0.4625]","[0.862144420131291, 0.5401459854014599]","[0.9078341013824884, 0.4625]"
Random Forest,24,5,1.0,1.0,0.7985902658662093,0.3405172133031547,0.3190184049079754,0.463768115942029,0.6517974778844344,0.7533333333333333,0.36363636363636365,0.9150943396226415,0.64,0.776,0.6393653516295026,"[0.776, 0.64]","[0.9150943396226415, 0.36363636363636365]","[0.8398268398268398, 0.463768115942029]","[0.9150943396226415, 0.36363636363636365]"
Random Forest,25,5,1.0,1.0,0.8343499197431783,0.47322497521244816,0.4456736467799288,0.5673758865248227,0.7169483371354968,0.7959866220735786,0.449438202247191,0.9428571428571428,0.7692307692307693,0.8016194331983806,0.6961476725521669,"[0.8016194331983806, 0.7692307692307693]","[0.9428571428571428, 0.449438202247191]","[0.8665207877461707, 0.5673758865248227]","[0.9428571428571428, 0.449438202247191]"
Random Forest,26,6,1.0,1.0,0.8089861751152073,0.4128119738076311,0.40562851782363984,0.5428571428571428,0.7009439899307741,0.7845117845117845,0.475,0.8986175115207373,0.6333333333333333,0.8227848101265823,0.6868087557603686,"[0.8227848101265823, 0.6333333333333333]","[0.8986175115207373, 0.475]","[0.8590308370044053, 0.5428571428571428]","[0.8986175115207373, 0.475]"
Random Forest,27,6,1.0,1.0,0.7704955731861561,0.31902903128307425,0.30777702199332757,0.4496124031007752,0.649753347427766,0.7641196013289037,0.3717948717948718,0.9013452914798207,0.5686274509803921,0.804,0.6365700816373463,"[0.804, 0.5686274509803921]","[0.9013452914798207, 0.3717948717948718]","[0.8498942917547568, 0.4496124031007752]","[0.9013452914798207, 0.3717948717948718]"
Random Forest,28,6,1.0,1.0,0.793731778425656,0.39472335576229123,0.3589846897663176,0.5,0.6685022026431717,0.7541528239202658,0.37755102040816324,0.9359605911330049,0.74,0.7569721115537849,0.656755805770584,"[0.7569721115537849, 0.74]","[0.9359605911330049, 0.37755102040816324]","[0.8370044052863436, 0.5]","[0.9359605911330049, 0.37755102040816324]"
Random Forest,29,6,1.0,1.0,0.7960972850678733,0.3297012349643613,0.3106719884839363,0.4444444444444444,0.6486928104575163,0.7674418604651163,0.35,0.918552036199095,0.6086956521739131,0.796078431372549,0.6342760180995475,"[0.796078431372549, 0.6086956521739131]","[0.918552036199095, 0.35]","[0.8529411764705882, 0.4444444444444444]","[0.918552036199095, 0.35]"
Random Forest,30,6,1.0,1.0,0.846743703072581,0.4696526855106851,0.4552164489485092,0.5866666666666667,0.7244444444444444,0.7933333333333333,0.4943820224719101,0.919431279620853,0.7213114754098361,0.8117154811715481,0.7069066510463815,"[0.8117154811715481, 0.7213114754098361]","[0.919431279620853, 0.4943820224719101]","[0.8622222222222222, 0.5866666666666667]","[0.919431279620853, 0.4943820224719101]"
Random Forest,31,7,1.0,1.0,0.7680785123966942,0.33780605496274557,0.33215547703180215,0.5032258064516129,0.6639135865971049,0.7407407407407407,0.4431818181818182,0.8660287081339713,0.582089552238806,0.7869565217391304,0.6546052631578947,"[0.7869565217391304, 0.582089552238806]","[0.8660287081339713, 0.4431818181818182]","[0.8246013667425968, 0.5032258064516129]","[0.8660287081339713, 0.4431818181818182]"
Random Forest,32,7,1.0,1.0,0.8212126600284495,0.3427737276724922,0.33004496342527345,0.464,0.6608747346072187,0.7751677852348994,0.3815789473684211,0.9099099099099099,0.5918367346938775,0.8112449799196787,0.6457444286391655,"[0.8112449799196787, 0.5918367346938775]","[0.9099099099099099, 0.3815789473684211]","[0.8577494692144374, 0.464]","[0.9099099099099099, 0.3815789473684211]"
Random Forest,33,7,1.0,1.0,0.8557467423989308,0.432597231329941,0.39943741209564,0.512,0.6920587002096437,0.7973421926910299,0.3902439024390244,0.9497716894977168,0.7441860465116279,0.8062015503875969,0.6700077959683706,"[0.8062015503875969, 0.7441860465116279]","[0.9497716894977168, 0.3902439024390244]","[0.8721174004192872, 0.512]","[0.9497716894977168, 0.3902439024390244]"
Random Forest,34,7,1.0,1.0,0.8329664570230608,0.4304391296470425,0.4010817307692307,0.5285714285714286,0.6931650246305419,0.7814569536423841,0.4111111111111111,0.9386792452830188,0.74,0.7896825396825397,0.6748951781970649,"[0.7896825396825397, 0.74]","[0.9386792452830188, 0.4111111111111111]","[0.8577586206896551, 0.5285714285714286]","[0.9386792452830188, 0.4111111111111111]"
Random Forest,35,7,1.0,1.0,0.8015772537848815,0.39774654255602654,0.374722438936566,0.5106382978723404,0.6808051100592803,0.7715231788079471,0.4044943820224719,0.9248826291079812,0.6923076923076923,0.788,0.6646885055652265,"[0.788, 0.6923076923076923]","[0.9248826291079812, 0.4044943820224719]","[0.8509719222462203, 0.5106382978723404]","[0.9248826291079812, 0.4044943820224719]"
Random Forest,36,8,1.0,1.0,0.7867553129717803,0.3960831059537524,0.3834576710995783,0.5151515151515151,0.6883116883116883,0.7845117845117845,0.43037974683544306,0.9128440366972477,0.6415094339622641,0.8155737704918032,0.6716118917663454,"[0.8155737704918032, 0.6415094339622641]","[0.9128440366972477, 0.43037974683544306]","[0.8614718614718615, 0.5151515151515151]","[0.9128440366972477, 0.43037974683544306]"
Random Forest,37,8,1.0,1.0,0.8608350951374207,0.4598413612291702,0.43096867995395893,0.5507246376811594,0.7091230026012635,0.7953795379537953,0.4318181818181818,0.9441860465116279,0.76,0.8023715415019763,0.6880021141649049,"[0.8023715415019763, 0.76]","[0.9441860465116279, 0.4318181818181818]","[0.8675213675213675, 0.5507246376811594]","[0.9441860465116279, 0.4318181818181818]"
Random Forest,38,8,1.0,0.9985358711566618,0.8379377977024376,0.42691044717606363,0.4182882937839322,0.5555555555555556,0.7069813176007866,0.785234899328859,0.4819277108433735,0.9023255813953488,0.6557377049180327,0.8185654008438819,0.6921266461193611,"[0.8185654008438819, 0.6557377049180327]","[0.9023255813953488, 0.4819277108433735]","[0.8584070796460177, 0.5555555555555556]","[0.9023255813953488, 0.4819277108433735]"
Random Forest,39,8,1.0,1.0,0.766044061302682,0.3210332110546335,0.2963307013469577,0.43609022556390975,0.6387639288496081,0.7524752475247525,0.3333333333333333,0.9212962962962963,0.6304347826086957,0.77431906614786,0.6273148148148148,"[0.77431906614786, 0.6304347826086957]","[0.9212962962962963, 0.3333333333333333]","[0.8414376321353065, 0.43609022556390975]","[0.9212962962962963, 0.3333333333333333]"
Random Forest,40,8,0.9999999999999999,1.0,0.7841178371391642,0.41520952783037496,0.3988236353269514,0.5379310344827586,0.6950140823627922,0.7759197324414716,0.4431818181818182,0.9146919431279621,0.6842105263157895,0.7975206611570248,0.6789368806548901,"[0.7975206611570248, 0.6842105263157895]","[0.9146919431279621, 0.4431818181818182]","[0.8520971302428256, 0.5379310344827586]","[0.9146919431279621, 0.4431818181818182]"
Random Forest,41,9,1.0,1.0,0.8046054269355241,0.3912189332434042,0.3498611662038873,0.49673202614379086,0.6614585638619632,0.7416107382550335,0.36893203883495146,0.9384615384615385,0.76,0.7379032258064516,0.653696788648245,"[0.7379032258064516, 0.76]","[0.9384615384615385, 0.36893203883495146]","[0.8261851015801355, 0.49673202614379086]","[0.9384615384615385, 0.36893203883495146]"
Random Forest,42,9,1.0,1.0,0.81320249257469,0.34765321780364444,0.3260262781673362,0.45,0.65625,0.78,0.35064935064935066,0.9282511210762332,0.627906976744186,0.8054474708171206,0.6394502358627919,"[0.8054474708171206, 0.627906976744186]","[0.9282511210762332, 0.35064935064935066]","[0.8625, 0.45]","[0.9282511210762332, 0.35064935064935066]"
Random Forest,43,9,0.9999999999999999,1.0,0.8165976728574625,0.3966933739466424,0.37627942681678606,0.5038167938931297,0.6826120216800403,0.7833333333333333,0.4024390243902439,0.926605504587156,0.673469387755102,0.8047808764940239,0.6645222644886999,"[0.8047808764940239, 0.673469387755102]","[0.926605504587156, 0.4024390243902439]","[0.8614072494669509, 0.5038167938931297]","[0.926605504587156, 0.4024390243902439]"
Random Forest,44,9,1.0,1.0,0.8519185923256307,0.4471882677370073,0.42588066996483287,0.5555555555555556,0.70790878214459,0.7873754152823921,0.449438202247191,0.9292452830188679,0.7272727272727273,0.8008130081300813,0.6893417426330295,"[0.8008130081300813, 0.7272727272727273]","[0.9292452830188679, 0.449438202247191]","[0.8602620087336245, 0.5555555555555556]","[0.9292452830188679, 0.449438202247191]"
Random Forest,45,9,1.0,1.0,0.7972377664007622,0.3647511769964024,0.36194513873509027,0.5037037037037037,0.6801173764771196,0.7774086378737541,0.4594594594594595,0.8810572687224669,0.5573770491803278,0.8333333333333334,0.6702583640909632,"[0.8333333333333334, 0.5573770491803278]","[0.8810572687224669, 0.4594594594594595]","[0.8565310492505354, 0.5037037037037037]","[0.8810572687224669, 0.4594594594594595]"
Random Forest,46,10,1.0,1.0,0.8009758742206559,0.3644812866969051,0.3514608916580968,0.49645390070921985,0.6715530842638971,0.7649006622516556,0.4117647058823529,0.9032258064516129,0.625,0.7967479674796748,0.6574952561669829,"[0.7967479674796748, 0.625]","[0.9032258064516129, 0.4117647058823529]","[0.8466522678185745, 0.49645390070921985]","[0.9032258064516129, 0.4117647058823529]"
Random Forest,47,10,1.0,1.0,0.8397196261682243,0.461776102453401,0.4498868948876489,0.5793103448275863,0.7223262540914973,0.7959866220735786,0.49411764705882355,0.9158878504672897,0.7,0.8200836820083682,0.7050027487630566,"[0.8200836820083682, 0.7]","[0.9158878504672897, 0.49411764705882355]","[0.8653421633554084, 0.5793103448275863]","[0.9158878504672897, 0.49411764705882355]"
Random Forest,48,10,0.9999999999999999,1.0,0.8393721198156683,0.38524570445093004,0.3559666598902217,0.47540983606557374,0.6699083078632954,0.7845117845117845,0.3625,0.9400921658986175,0.6904761904761905,0.8,0.6512960829493087,"[0.8, 0.6904761904761905]","[0.9400921658986175, 0.3625]","[0.864406779661017, 0.47540983606557374]","[0.9400921658986175, 0.3625]"
Random Forest,49,10,1.0,1.0,0.7939787132265009,0.3226718630224302,0.3078512396694215,0.4369747899159664,0.6488408253114135,0.7766666666666666,0.35135135135135137,0.915929203539823,0.5777777777777777,0.8117647058823529,0.6336402774455872,"[0.8117647058823529, 0.5777777777777777]","[0.915929203539823, 0.35135135135135137]","[0.8607068607068608, 0.4369747899159664]","[0.915929203539823, 0.35135135135135137]"
Random Forest,50,10,1.0,1.0,0.7998374464312102,0.3262571864276858,0.29395527012562683,0.4503311258278146,0.6335540838852097,0.7251655629139073,0.33663366336633666,0.9203980099502488,0.68,0.7341269841269841,0.6285158366582927,"[0.7341269841269841, 0.68]","[0.9203980099502488, 0.33663366336633666]","[0.8167770419426048, 0.4503311258278146]","[0.9203980099502488, 0.33663366336633666]"
SVM,1,1,0.8931991437906042,0.7091836734693877,0.8244047619047619,0.4757497570154036,0.4677615571776156,0.6354166666666666,0.7319240196078431,0.7666666666666667,0.7261904761904762,0.7824074074074074,0.5648148148148148,0.8802083333333334,0.7542989417989419,"[0.8802083333333334, 0.5648148148148148]","[0.7824074074074074, 0.7261904761904762]","[0.8284313725490197, 0.6354166666666666]","[0.7824074074074074, 0.7261904761904762]"
SVM,2,1,0.8954533032725286,0.7205128205128205,0.8057449147883451,0.41098681058535513,0.401880376075215,0.5959595959595959,0.6979797979797979,0.7324414715719063,0.6941176470588235,0.7476635514018691,0.5221238938053098,0.8602150537634409,0.7208905992303463,"[0.8602150537634409, 0.5221238938053098]","[0.7476635514018691, 0.6941176470588235]","[0.8, 0.5959595959595959]","[0.7476635514018691, 0.6941176470588235]"
SVM,3,1,0.9014116395945181,0.7174770039421814,0.795995670995671,0.4517316017316017,0.45173160173160176,0.6136363636363636,0.7258658008658009,0.7718120805369127,0.6136363636363636,0.8380952380952381,0.6136363636363636,0.8380952380952381,0.7258658008658009,"[0.8380952380952381, 0.6136363636363636]","[0.8380952380952381, 0.6136363636363636]","[0.8380952380952381, 0.6136363636363636]","[0.8380952380952381, 0.6136363636363636]"
SVM,4,1,0.8925669782359364,0.7112232030264817,0.8219941822882999,0.3938699828583903,0.38282906147619966,0.58,0.687560975609756,0.7245901639344262,0.6904761904761905,0.7375565610859729,0.5,0.8624338624338624,0.7140163757810817,"[0.8624338624338624, 0.5]","[0.7375565610859729, 0.6904761904761905]","[0.7951219512195122, 0.58]","[0.7375565610859729, 0.6904761904761905]"
SVM,5,1,0.8914172635651786,0.7115135834411385,0.840175789942145,0.4788174268519404,0.46734806908010673,0.6395939086294417,0.7308245232370265,0.761744966442953,0.75,0.7663551401869159,0.5575221238938053,0.8864864864864865,0.7581775700934579,"[0.8864864864864865, 0.5575221238938053]","[0.7663551401869159, 0.75]","[0.8220551378446115, 0.6395939086294417]","[0.7663551401869159, 0.75]"
SVM,6,2,0.8958219135309913,0.7128463476070529,0.7935154468173335,0.4074356726496719,0.40112803702275357,0.6019417475728155,0.6984708737864078,0.7293729372937293,0.6813186813186813,0.75,0.5391304347826087,0.8457446808510638,0.7156593406593407,"[0.8457446808510638, 0.5391304347826087]","[0.75, 0.6813186813186813]","[0.795, 0.6019417475728155]","[0.75, 0.6813186813186813]"
SVM,7,2,0.894862716512201,0.7058823529411765,0.831422615945805,0.5112374099218289,0.5084507748633331,0.6764705882352942,0.7536199095022624,0.7777777777777778,0.7263157894736842,0.801980198019802,0.6330275229357798,0.8617021276595744,0.7641479937467431,"[0.8617021276595744, 0.6330275229357798]","[0.801980198019802, 0.7263157894736842]","[0.8307692307692308, 0.6764705882352942]","[0.801980198019802, 0.7263157894736842]"
SVM,8,2,0.8977635728403713,0.7303664921465969,0.7990601924367867,0.3759462934640269,0.36948944022964947,0.5638297872340425,0.6824003305102251,0.7266666666666667,0.6463414634146342,0.7568807339449541,0.5,0.8505154639175257,0.7016110986797941,"[0.8505154639175257, 0.5]","[0.7568807339449541, 0.6463414634146342]","[0.8009708737864077, 0.5638297872340425]","[0.7568807339449541, 0.6463414634146342]"
SVM,9,2,0.8962471587268399,0.7117794486215538,0.8100104517477645,0.4269672362501778,0.4154451753250117,0.5957446808510638,0.7042762813122314,0.7441077441077442,0.7088607594936709,0.7568807339449541,0.5137614678899083,0.8776595744680851,0.7328707467193125,"[0.8776595744680851, 0.5137614678899083]","[0.7568807339449541, 0.7088607594936709]","[0.812807881773399, 0.5957446808510638]","[0.7568807339449541, 0.7088607594936709]"
SVM,10,2,0.8897897948804883,0.714107365792759,0.8451282051282051,0.4805806613828629,0.47063357484199175,0.6263736263736264,0.7329981339415301,0.7755775577557755,0.7307692307692307,0.7911111111111111,0.5480769230769231,0.8944723618090452,0.7609401709401709,"[0.8944723618090452, 0.5480769230769231]","[0.7911111111111111, 0.7307692307692307]","[0.839622641509434, 0.6263736263736264]","[0.7911111111111111, 0.7307692307692307]"
SVM,11,3,0.8931656606304493,0.7160804020100503,0.8144095665171899,0.4402513883567247,0.42927062829174867,0.5955056179775281,0.7116284070748884,0.7583892617449665,0.7066666666666667,0.7757847533632287,0.5145631067961165,0.8871794871794871,0.7412257100149477,"[0.8871794871794871, 0.5145631067961165]","[0.7757847533632287, 0.7066666666666667]","[0.8277511961722488, 0.5955056179775281]","[0.7757847533632287, 0.7066666666666667]"
SVM,12,3,0.8962822267154109,0.7068062827225131,0.8235720660419455,0.42152325892349457,0.41926300385792203,0.5921787709497207,0.7089772136371515,0.7558528428093646,0.6385542168674698,0.8009259259259259,0.5520833333333334,0.8522167487684729,0.7197400713966979,"[0.8522167487684729, 0.5520833333333334]","[0.8009259259259259, 0.6385542168674698]","[0.8257756563245824, 0.5921787709497207]","[0.8009259259259259, 0.6385542168674698]"
SVM,13,3,0.8952116402116402,0.7023498694516971,0.8243564356435644,0.4308424359198264,0.42604581087125404,0.6367713004484304,0.7115254919128695,0.7308970099667774,0.7029702970297029,0.745,0.5819672131147541,0.8324022346368715,0.7239851485148514,"[0.8324022346368715, 0.5819672131147541]","[0.745, 0.7029702970297029]","[0.7862796833773087, 0.6367713004484304]","[0.745, 0.7029702970297029]"
SVM,14,3,0.8972603659560182,0.7119078104993598,0.8158928571428572,0.4482735751236628,0.4333151595399434,0.6010928961748634,0.712594640858516,0.7558528428093646,0.7333333333333333,0.7633928571428571,0.5092592592592593,0.8952879581151832,0.7483630952380952,"[0.8952879581151832, 0.5092592592592593]","[0.7633928571428571, 0.7333333333333333]","[0.8240963855421687, 0.6010928961748634]","[0.7633928571428571, 0.7333333333333333]"
SVM,15,3,0.8897072598719131,0.7008985879332478,0.8263010574331329,0.47735135105458665,0.47107598312563637,0.6470588235294118,0.7339771729587358,0.7623762376237624,0.7252747252747253,0.7783018867924528,0.584070796460177,0.868421052631579,0.751788306033589,"[0.868421052631579, 0.584070796460177]","[0.7783018867924528, 0.7252747252747253]","[0.8208955223880597, 0.6470588235294118]","[0.7783018867924528, 0.7252747252747253]"
SVM,16,4,0.8926636652399794,0.7219387755102041,0.8283481224657695,0.4550640494742394,0.4377071752766587,0.6105263157894737,0.7141301529686285,0.7516778523489933,0.7532467532467533,0.751131221719457,0.5132743362831859,0.8972972972972973,0.7521889874831051,"[0.8972972972972973, 0.5132743362831859]","[0.751131221719457, 0.7532467532467533]","[0.8177339901477833, 0.6105263157894737]","[0.751131221719457, 0.7532467532467533]"
SVM,17,4,0.8977413551186506,0.7076537013801757,0.7862654320987654,0.3754191405478027,0.3608367228355608,0.5728155339805825,0.674732640086738,0.7066666666666667,0.7023809523809523,0.7083333333333334,0.48360655737704916,0.8595505617977528,0.7053571428571428,"[0.8595505617977528, 0.48360655737704916]","[0.7083333333333334, 0.7023809523809523]","[0.7766497461928934, 0.5728155339805825]","[0.7083333333333334, 0.7023809523809523]"
SVM,18,4,0.8975072048115611,0.7077326343381389,0.8122109158186865,0.477406218199697,0.47072142599060574,0.6540284360189573,0.7336638343777651,0.7574750830564784,0.7340425531914894,0.7681159420289855,0.5897435897435898,0.8641304347826086,0.7510792476102375,"[0.8641304347826086, 0.5897435897435898]","[0.7681159420289855, 0.7340425531914894]","[0.8132992327365729, 0.6540284360189573]","[0.7681159420289855, 0.7340425531914894]"
SVM,19,4,0.8919321806278327,0.7091136079900124,0.8256249999999999,0.42765879978539406,0.4254549564824235,0.5802469135802469,0.7121418054139768,0.7725752508361204,0.6266666666666667,0.8214285714285714,0.5402298850574713,0.8679245283018868,0.724047619047619,"[0.8679245283018868, 0.5402298850574713]","[0.8214285714285714, 0.6266666666666667]","[0.8440366972477065, 0.5802469135802469]","[0.8214285714285714, 0.6266666666666667]"
SVM,20,4,0.8903836754643206,0.699468085106383,0.8389016018306636,0.4779559991253258,0.47761343695161695,0.6461538461538462,0.7387248448373143,0.7715231788079471,0.6631578947368421,0.821256038647343,0.63,0.8415841584158416,0.7422069666920925,"[0.8415841584158416, 0.63]","[0.821256038647343, 0.6631578947368421]","[0.8312958435207825, 0.6461538461538462]","[0.821256038647343, 0.6631578947368421]"
SVM,21,5,0.8965965897418339,0.7115135834411385,0.7819716775599128,0.32129347944835535,0.3211255504242294,0.5172413793103449,0.6604898485336771,0.7209302325581395,0.5294117647058824,0.7962962962962963,0.5056179775280899,0.8113207547169812,0.6628540305010893,"[0.8113207547169812, 0.5056179775280899]","[0.7962962962962963, 0.5294117647058824]","[0.8037383177570093, 0.5172413793103449]","[0.7962962962962963, 0.5294117647058824]"
SVM,22,5,0.8908826647515474,0.7057356608478803,0.812513691128149,0.4381105987784745,0.41604775782645476,0.6095238095238096,0.7012265512265512,0.7293729372937293,0.7710843373493976,0.7136363636363636,0.5039370078740157,0.8920454545454546,0.7423603504928806,"[0.8920454545454546, 0.5039370078740157]","[0.7136363636363636, 0.7710843373493976]","[0.7929292929292929, 0.6095238095238096]","[0.7136363636363636, 0.7710843373493976]"
SVM,23,5,0.8953109692240127,0.717815344603381,0.8316820276497696,0.5089245727512088,0.49989475899810565,0.6521739130434783,0.7480381760339343,0.7845117845117845,0.75,0.7972350230414746,0.5769230769230769,0.8963730569948186,0.7736175115207373,"[0.8963730569948186, 0.5769230769230769]","[0.7972350230414746, 0.75]","[0.8439024390243902, 0.6521739130434783]","[0.7972350230414746, 0.75]"
SVM,24,5,0.8929945569763885,0.7073791348600509,0.8201650943396226,0.43078571499437224,0.4227353463587922,0.6138613861386139,0.7089407433205632,0.74,0.7045454545454546,0.7547169811320755,0.543859649122807,0.8602150537634409,0.7296312178387651,"[0.8602150537634409, 0.543859649122807]","[0.7547169811320755, 0.7045454545454546]","[0.8040201005025126, 0.6138613861386139]","[0.7547169811320755, 0.7045454545454546]"
SVM,25,5,0.8975450729424719,0.7120418848167539,0.8328785446762975,0.4629921465560331,0.46101153687680263,0.631578947368421,0.7300051599587203,0.7658862876254181,0.6741573033707865,0.8047619047619048,0.594059405940594,0.8535353535353535,0.7394596040663457,"[0.8535353535353535, 0.594059405940594]","[0.8047619047619048, 0.6741573033707865]","[0.8284313725490197, 0.631578947368421]","[0.8047619047619048, 0.6741573033707865]"
SVM,26,6,0.8904395121786426,0.7116104868913857,0.8213133640552995,0.44650515094545995,0.4323539155475141,0.6113989637305699,0.7121832723889757,0.7474747474747475,0.7375,0.7511520737327189,0.5221238938053098,0.8858695652173914,0.7443260368663595,"[0.8858695652173914, 0.5221238938053098]","[0.7511520737327189, 0.7375]","[0.8129675810473815, 0.6113989637305699]","[0.7511520737327189, 0.7375]"
SVM,27,6,0.8960624940807187,0.7210526315789474,0.8020869265263885,0.4199354413033124,0.41350255411027437,0.5842696629213483,0.704870680517278,0.7541528239202658,0.6666666666666666,0.7847533632286996,0.52,0.8706467661691543,0.7257100149476832,"[0.8706467661691543, 0.52]","[0.7847533632286996, 0.6666666666666666]","[0.8254716981132075, 0.5842696629213483]","[0.7847533632286996, 0.6666666666666666]"
SVM,28,6,0.9051917627584659,0.7035573122529645,0.7766160651452698,0.40394201245631534,0.40393051412528513,0.5989847715736041,0.7019615215892712,0.7375415282392026,0.6020408163265306,0.8029556650246306,0.5959595959595959,0.806930693069307,0.7024982406755806,"[0.806930693069307, 0.5959595959595959]","[0.8029556650246306, 0.6020408163265306]","[0.8049382716049382, 0.5989847715736041]","[0.8029556650246306, 0.6020408163265306]"
SVM,29,6,0.894824016563147,0.7169811320754716,0.7831447963800905,0.38422587223317156,0.3694703896295931,0.5685279187817259,0.6793256877859246,0.717607973421927,0.7,0.7239819004524887,0.47863247863247865,0.8695652173913043,0.7119909502262443,"[0.8695652173913043, 0.47863247863247865]","[0.7239819004524887, 0.7]","[0.7901234567901234, 0.5685279187817259]","[0.7239819004524887, 0.7]"
SVM,30,6,0.892574680335097,0.7104247104247104,0.8471430853613079,0.49218719582056947,0.47642727359663384,0.6572769953051644,0.734323252174546,0.7566666666666667,0.7865168539325843,0.7440758293838863,0.5645161290322581,0.8920454545454546,0.7652963416582352,"[0.8920454545454546, 0.5645161290322581]","[0.7440758293838863, 0.7865168539325843]","[0.8113695090439277, 0.6572769953051644]","[0.7440758293838863, 0.7865168539325843]"
SVM,31,7,0.9007082599488764,0.7272727272727273,0.7752011744236625,0.4132282208549272,0.39525691699604737,0.6082949308755761,0.6914153699470719,0.7138047138047138,0.75,0.6985645933014354,0.5116279069767442,0.8690476190476191,0.7242822966507176,"[0.8690476190476191, 0.5116279069767442]","[0.6985645933014354, 0.75]","[0.7745358090185677, 0.6082949308755761]","[0.6985645933014354, 0.75]"
SVM,32,7,0.8965088663977131,0.7135549872122762,0.8102181128496917,0.4327340812341274,0.42275646128535793,0.5921787709497207,0.7085594094556757,0.7550335570469798,0.6973684210526315,0.7747747747747747,0.5145631067961165,0.882051282051282,0.7360715979137031,"[0.882051282051282, 0.5145631067961165]","[0.7747747747747747, 0.6973684210526315]","[0.8249400479616307, 0.5921787709497207]","[0.7747747747747747, 0.6973684210526315]"
SVM,33,7,0.8857132639437618,0.7054263565891473,0.8663548279318409,0.5126338416118256,0.5051631132802467,0.6559139784946236,0.7510339123242349,0.7873754152823921,0.7439024390243902,0.8036529680365296,0.5865384615384616,0.8934010152284264,0.7737777035304599,"[0.8934010152284264, 0.5865384615384616]","[0.8036529680365296, 0.7439024390243902]","[0.8461538461538461, 0.6559139784946236]","[0.8036529680365296, 0.7439024390243902]"
SVM,34,7,0.8936286124418464,0.7069408740359897,0.82562893081761,0.47091728163956004,0.4670676542227966,0.6395939086294417,0.7325733670911336,0.7649006622516556,0.7,0.7924528301886793,0.5887850467289719,0.8615384615384616,0.7462264150943396,"[0.8615384615384616, 0.5887850467289719]","[0.7924528301886793, 0.7]","[0.8255528255528255, 0.6395939086294417]","[0.7924528301886793, 0.7]"
SVM,35,7,0.8990788310683901,0.7146529562982005,0.8049269399166534,0.4713275989270808,0.4649869593031839,0.64,0.7308910891089109,0.7615894039735099,0.7191011235955056,0.7793427230046949,0.5765765765765766,0.8691099476439791,0.7492219233001003,"[0.8691099476439791, 0.5765765765765766]","[0.7793427230046949, 0.7191011235955056]","[0.8217821782178217, 0.64]","[0.7793427230046949, 0.7191011235955056]"
SVM,36,8,0.8987865993079773,0.7078507078507078,0.7994425734525606,0.4259128979384427,0.41826363155108526,0.5934065934065934,0.7068974714605782,0.7508417508417509,0.6835443037974683,0.7752293577981652,0.5242718446601942,0.8711340206185567,0.7293868307978167,"[0.8711340206185567, 0.5242718446601942]","[0.7752293577981652, 0.6835443037974683]","[0.8203883495145631, 0.5934065934065934]","[0.7752293577981652, 0.6835443037974683]"
SVM,37,8,0.8871023393830654,0.7061855670103093,0.8617336152219872,0.5105368002385571,0.5047548291233284,0.6632653061224489,0.7511448481831757,0.7821782178217822,0.7386363636363636,0.8,0.6018518518518519,0.882051282051282,0.7693181818181818,"[0.882051282051282, 0.6018518518518519]","[0.8, 0.7386363636363636]","[0.8390243902439024, 0.6632653061224489]","[0.8, 0.7386363636363636]"
SVM,38,8,0.8899870801033593,0.7028423772609819,0.8419165032221911,0.4916130739968988,0.4773763591722202,0.6464646464646465,0.735292624739861,0.7651006711409396,0.7710843373493976,0.7627906976744186,0.5565217391304348,0.8961748633879781,0.7669375175119082,"[0.8961748633879781, 0.5565217391304348]","[0.7627906976744186, 0.7710843373493976]","[0.8241206030150754, 0.6464646464646465]","[0.7627906976744186, 0.7710843373493976]"
SVM,39,8,0.90058792734086,0.7153846153846154,0.7729352916134525,0.4058836763005162,0.4003265548463708,0.5918367346938775,0.6983573917371827,0.735973597359736,0.6666666666666666,0.7638888888888888,0.5321100917431193,0.8505154639175257,0.7152777777777777,"[0.8505154639175257, 0.5321100917431193]","[0.7638888888888888, 0.6666666666666666]","[0.8048780487804879, 0.5918367346938775]","[0.7638888888888888, 0.6666666666666666]"
SVM,40,8,0.8961664743378394,0.7128205128205128,0.8117190866006032,0.3994600701706802,0.39029064196742247,0.5951219512195122,0.6919630112331658,0.7224080267558528,0.6931818181818182,0.7345971563981043,0.5213675213675214,0.8516483516483516,0.7138894872899613,"[0.8516483516483516, 0.5213675213675214]","[0.7345971563981043, 0.6931818181818182]","[0.7888040712468194, 0.5951219512195122]","[0.7345971563981043, 0.6931818181818182]"
SVM,41,9,0.8974255364201017,0.6985769728331177,0.7956933034602937,0.4121223552726669,0.4112395726620811,0.6232558139534884,0.705328694378319,0.7281879194630873,0.6504854368932039,0.7692307692307693,0.5982142857142857,0.8064516129032258,0.7098581030619866,"[0.8064516129032258, 0.5982142857142857]","[0.7692307692307693, 0.6504854368932039]","[0.7874015748031497, 0.6232558139534884]","[0.7692307692307693, 0.6504854368932039]"
SVM,42,9,0.8918754384544817,0.7168831168831169,0.8194630481625997,0.4037844105990466,0.40262508413731213,0.5644171779141104,0.7009728910165518,0.7633333333333333,0.5974025974025974,0.820627802690583,0.5348837209302325,0.8551401869158879,0.7090152000465901,"[0.8551401869158879, 0.5348837209302325]","[0.820627802690583, 0.5974025974025974]","[0.8375286041189931, 0.5644171779141104]","[0.820627802690583, 0.5974025974025974]"
SVM,43,9,0.8952393426115236,0.7087628865979382,0.8110315506824793,0.4401461194021044,0.42432592009446957,0.61,0.7075,0.74,0.7439024390243902,0.7385321100917431,0.5169491525423728,0.8846153846153846,0.7412172745580667,"[0.8846153846153846, 0.5169491525423728]","[0.7385321100917431, 0.7439024390243902]","[0.805, 0.61]","[0.7385321100917431, 0.7439024390243902]"
SVM,44,9,0.8878238288362853,0.7028423772609819,0.8505670977316091,0.530827879949084,0.5236635181247218,0.68,0.7603980099502488,0.7873754152823921,0.7640449438202247,0.7971698113207547,0.6126126126126126,0.8894736842105263,0.7806073775704897,"[0.8894736842105263, 0.6126126126126126]","[0.7971698113207547, 0.7640449438202247]","[0.8407960199004975, 0.68]","[0.7971698113207547, 0.7640449438202247]"
SVM,45,9,0.9000430038165886,0.7194968553459119,0.8126562686034052,0.4415357468488794,0.4258982421774318,0.5934065934065934,0.7086080586080585,0.7541528239202658,0.7297297297297297,0.762114537444934,0.5,0.8963730569948186,0.7459221335873318,"[0.8963730569948186, 0.5]","[0.762114537444934, 0.7297297297297297]","[0.8238095238095238, 0.5934065934065934]","[0.762114537444934, 0.7297297297297297]"
SVM,46,10,0.8954356917592213,0.7212276214833759,0.8084575765790187,0.4214456067727994,0.40217749917518975,0.6037735849056604,0.694743935309973,0.7218543046357616,0.7529411764705882,0.7096774193548387,0.5039370078740157,0.88,0.7313092979127135,"[0.88, 0.5039370078740157]","[0.7096774193548387, 0.7529411764705882]","[0.7857142857142857, 0.6037735849056604]","[0.7096774193548387, 0.7529411764705882]"
SVM,47,10,0.8891712782674046,0.6973180076628352,0.8275975810885102,0.4825735154206413,0.4732470931695777,0.6428571428571429,0.734363894811656,0.7658862876254181,0.7411764705882353,0.7757009345794392,0.5675675675675675,0.8829787234042553,0.7584387025838373,"[0.8829787234042553, 0.5675675675675675]","[0.7757009345794392, 0.7411764705882353]","[0.8258706467661692, 0.6428571428571429]","[0.7757009345794392, 0.7411764705882353]"
SVM,48,10,0.8905898449376709,0.7057356608478803,0.8429723502304148,0.5053430227540427,0.5011378413524057,0.6477272727272727,0.749700956937799,0.7912457912457912,0.7125,0.8202764976958525,0.59375,0.8855721393034826,0.7663882488479263,"[0.8855721393034826, 0.59375]","[0.8202764976958525, 0.7125]","[0.8516746411483254, 0.6477272727272727]","[0.8202764976958525, 0.7125]"
SVM,49,10,0.898420800069799,0.7214377406931964,0.7938292274575461,0.35850520718926626,0.35316593886462877,0.5325443786982249,0.6746248575625695,0.7366666666666667,0.6081081081081081,0.7787610619469026,0.47368421052631576,0.8585365853658536,0.6934345850275054,"[0.8585365853658536, 0.47368421052631576]","[0.7787610619469026, 0.6081081081081081]","[0.8167053364269141, 0.5325443786982249]","[0.7787610619469026, 0.6081081081081081]"
SVM,50,10,0.8937127440178545,0.699468085106383,0.8116102655041623,0.42363221904561554,0.4220372230993732,0.6261682242990654,0.71052000958543,0.7350993377483444,0.6633663366336634,0.7711442786069652,0.5929203539823009,0.8201058201058201,0.7172553076203143,"[0.8201058201058201, 0.5929203539823009]","[0.7711442786069652, 0.6633663366336634]","[0.7948717948717948, 0.6261682242990654]","[0.7711442786069652, 0.6633663366336634]"
